2025-09-27 09:44:09,956 - Knowledge - INFO - Redis support added with prefix knowledge:b124776:
2025-09-27 09:44:10,296 - Knowledge - INFO - load persisted knowledge: begin
2025-09-27 09:44:10,421 - Knowledge - INFO - load persisted knowledge: end
2025-09-27 09:44:10,499 - Knowledge - INFO - load persisted docinfo: begin
2025-09-27 09:44:10,606 - Knowledge - INFO - load persisted docinfo: end
2025-09-27 09:44:10,751 - Knowledge - INFO - worker kw1 created with dedicated MongoDB connection (total: 1)
2025-09-27 09:44:10,840 - Knowledge - INFO - knowledge worker kw1 start
2025-09-27 09:44:10,842 - Knowledge - INFO - worker kw2 created with dedicated MongoDB connection (total: 2)
2025-09-27 09:44:10,962 - Knowledge - INFO - worker kw1 pull /app/data/kaviademo4200/2918/b124776/prescripto_full-stack_doctor_appointment_app-2918/frontend/src/pages/Verify.jsx from ingest queue
2025-09-27 09:44:11,073 - Knowledge - INFO - knowledge worker kw2 start
2025-09-27 09:44:11,075 - Knowledge - INFO - worker kw3 created with dedicated MongoDB connection (total: 3)
2025-09-27 09:44:11,216 - Knowledge - INFO - process ingested knowledge for /app/data/kaviademo4200/2918/b124776/prescripto_full-stack_doctor_appointment_app-2918/frontend/src/pages/Verify.jsx
2025-09-27 09:44:11,261 - Knowledge - INFO - worker kw2 pull /app/data/kaviademo4200/2918/b124776/prescripto_full-stack_doctor_appointment_app-2918/frontend/src/pages/Login.jsx from ingest queue
2025-09-27 09:44:11,345 - Knowledge - INFO - knowledge worker kw3 start
2025-09-27 09:44:11,347 - Knowledge - INFO - worker kw4 created with dedicated MongoDB connection (total: 4)
2025-09-27 09:44:11,459 - Knowledge - INFO - Found code-base-name: https://github.com/kavia-common/prescripto_full-stack_doctor_appointment_app-2918.git:kavia-main
2025-09-27 09:44:11,564 - Knowledge - INFO - process ingested knowledge for /app/data/kaviademo4200/2918/b124776/prescripto_full-stack_doctor_appointment_app-2918/frontend/src/pages/Login.jsx
2025-09-27 09:44:11,654 - Knowledge - INFO - worker kw3 pull /app/data/kaviademo4200/2918/b124776/prescripto_full-stack_doctor_appointment_app-2918/frontend/src/pages/Home.jsx from ingest queue
2025-09-27 09:44:11,745 - Knowledge - INFO - knowledge worker kw4 start
2025-09-27 09:44:11,747 - Knowledge - INFO - worker kw5 created with dedicated MongoDB connection (total: 5)
2025-09-27 09:44:11,830 - Knowledge - INFO - Found code_base: <app.utils.kg_build.knowledge.KnowledgeCodeBase object at 0x7f1064666890>
2025-09-27 09:44:11,915 - Knowledge - INFO - Found code-base-name: https://github.com/kavia-common/prescripto_full-stack_doctor_appointment_app-2918.git:kavia-main
2025-09-27 09:44:12,030 - Knowledge - INFO - process ingested knowledge for /app/data/kaviademo4200/2918/b124776/prescripto_full-stack_doctor_appointment_app-2918/frontend/src/pages/Home.jsx
2025-09-27 09:44:12,124 - Knowledge - INFO - worker kw4 pull /app/data/kaviademo4200/2918/b124776/prescripto_full-stack_doctor_appointment_app-2918/frontend/src/pages/Appointment.jsx from ingest queue
2025-09-27 09:44:12,199 - Knowledge - INFO - knowledge worker kw5 start
2025-09-27 09:44:12,201 - Knowledge - INFO - worker kw6 created with dedicated MongoDB connection (total: 6)
2025-09-27 09:44:12,282 - Knowledge - INFO - persist ingested knowledge for /app/data/kaviademo4200/2918/b124776/prescripto_full-stack_doctor_appointment_app-2918/frontend/src/pages/Verify.jsx
2025-09-27 09:44:12,365 - Knowledge - INFO - Found code_base: <app.utils.kg_build.knowledge.KnowledgeCodeBase object at 0x7f1064666890>
2025-09-27 09:44:12,453 - Knowledge - INFO - Found code-base-name: https://github.com/kavia-common/prescripto_full-stack_doctor_appointment_app-2918.git:kavia-main
2025-09-27 09:44:12,609 - Knowledge - INFO - process ingested knowledge for /app/data/kaviademo4200/2918/b124776/prescripto_full-stack_doctor_appointment_app-2918/frontend/src/pages/Appointment.jsx
2025-09-27 09:44:12,653 - Knowledge - INFO - worker kw5 pull /app/data/kaviademo4200/2918/b124776/prescripto_full-stack_doctor_appointment_app-2918/frontend/src/pages/MyProfile.jsx from ingest queue
2025-09-27 09:44:12,743 - Knowledge - INFO - knowledge worker kw6 start
2025-09-27 09:44:12,744 - Knowledge - INFO - worker kw7 created with dedicated MongoDB connection (total: 7)
2025-09-27 09:44:12,880 - Knowledge - INFO - adding /app/data/kaviademo4200/2918/b124776/prescripto_full-stack_doctor_appointment_app-2918/frontend/src/pages/Verify.jsx to ingest queue
2025-09-27 09:44:12,913 - Knowledge - INFO - persist ingested knowledge for /app/data/kaviademo4200/2918/b124776/prescripto_full-stack_doctor_appointment_app-2918/frontend/src/pages/Login.jsx
2025-09-27 09:44:12,998 - Knowledge - INFO - Found code_base: <app.utils.kg_build.knowledge.KnowledgeCodeBase object at 0x7f1064666890>
2025-09-27 09:44:13,210 - Knowledge - INFO - process ingested knowledge for /app/data/kaviademo4200/2918/b124776/prescripto_full-stack_doctor_appointment_app-2918/frontend/src/pages/MyProfile.jsx
2025-09-27 09:44:13,403 - Knowledge - INFO - knowledge worker kw7 start
2025-09-27 09:44:13,405 - Knowledge - INFO - worker kw8 created with dedicated MongoDB connection (total: 8)
2025-09-27 09:44:13,494 - Knowledge - INFO - Found code-base-name: https://github.com/kavia-common/prescripto_full-stack_doctor_appointment_app-2918.git:kavia-main
2025-09-27 09:44:13,495 - Knowledge - INFO - worker kw6 pull /app/data/kaviademo4200/2918/b124776/prescripto_full-stack_doctor_appointment_app-2918/frontend/src/pages/About.jsx from ingest queue
2025-09-27 09:44:13,495 - Knowledge - INFO - worker kw1 pull /app/data/kaviademo4200/2918/b124776/prescripto_full-stack_doctor_appointment_app-2918/frontend/src/pages/Doctors.jsx from ingest queue
2025-09-27 09:44:13,617 - Knowledge - INFO - adding /app/data/kaviademo4200/2918/b124776/prescripto_full-stack_doctor_appointment_app-2918/frontend/src/pages/Login.jsx to ingest queue
2025-09-27 09:44:13,645 - Knowledge - INFO - persist ingested knowledge for /app/data/kaviademo4200/2918/b124776/prescripto_full-stack_doctor_appointment_app-2918/frontend/src/pages/Home.jsx
2025-09-27 09:44:13,948 - Knowledge - INFO - knowledge worker kw8 start
2025-09-27 09:44:13,950 - Knowledge - INFO - worker kw9 created with dedicated MongoDB connection (total: 9)
2025-09-27 09:44:14,071 - Knowledge - INFO - Found code_base: <app.utils.kg_build.knowledge.KnowledgeCodeBase object at 0x7f1064666890>
2025-09-27 09:44:14,201 - Knowledge - INFO - process ingested knowledge for /app/data/kaviademo4200/2918/b124776/prescripto_full-stack_doctor_appointment_app-2918/frontend/src/pages/About.jsx
2025-09-27 09:44:14,286 - Knowledge - INFO - process ingested knowledge for /app/data/kaviademo4200/2918/b124776/prescripto_full-stack_doctor_appointment_app-2918/frontend/src/pages/Doctors.jsx
2025-09-27 09:44:14,345 - Knowledge - INFO - Found code-base-name: https://github.com/kavia-common/prescripto_full-stack_doctor_appointment_app-2918.git:kavia-main
2025-09-27 09:44:14,346 - Knowledge - INFO - worker kw7 pull /app/data/kaviademo4200/2918/b124776/prescripto_full-stack_doctor_appointment_app-2918/frontend/src/pages/MyAppointments.jsx from ingest queue
2025-09-27 09:44:14,347 - Knowledge - INFO - worker kw2 pull /app/data/kaviademo4200/2918/b124776/prescripto_full-stack_doctor_appointment_app-2918/frontend/src/pages/Contact.jsx from ingest queue
2025-09-27 09:44:14,478 - Knowledge - INFO - adding /app/data/kaviademo4200/2918/b124776/prescripto_full-stack_doctor_appointment_app-2918/frontend/src/pages/Home.jsx to ingest queue
2025-09-27 09:44:14,631 - Knowledge - INFO - knowledge worker kw9 start
2025-09-27 09:44:14,633 - Knowledge - INFO - worker kw10 created with dedicated MongoDB connection (total: 10)
2025-09-27 09:44:14,751 - Knowledge - INFO - persist ingested knowledge for /app/data/kaviademo4200/2918/b124776/prescripto_full-stack_doctor_appointment_app-2918/frontend/src/pages/Appointment.jsx
2025-09-27 09:44:15,020 - Knowledge - INFO - Found code_base: <app.utils.kg_build.knowledge.KnowledgeCodeBase object at 0x7f1064666890>
2025-09-27 09:44:15,132 - Knowledge - INFO - process ingested knowledge for /app/data/kaviademo4200/2918/b124776/prescripto_full-stack_doctor_appointment_app-2918/frontend/src/pages/MyAppointments.jsx
2025-09-27 09:44:15,214 - Knowledge - INFO - process ingested knowledge for /app/data/kaviademo4200/2918/b124776/prescripto_full-stack_doctor_appointment_app-2918/frontend/src/pages/Contact.jsx
2025-09-27 09:44:15,307 - Knowledge - INFO - worker kw8 pull /app/data/kaviademo4200/2918/b124776/prescripto_full-stack_doctor_appointment_app-2918/frontend/src/main.jsx from ingest queue
2025-09-27 09:44:15,308 - Knowledge - INFO - Found code-base-name: https://github.com/kavia-common/prescripto_full-stack_doctor_appointment_app-2918.git:kavia-main
2025-09-27 09:44:15,309 - Knowledge - INFO - Found code-base-name: https://github.com/kavia-common/prescripto_full-stack_doctor_appointment_app-2918.git:kavia-main
2025-09-27 09:44:15,309 - Knowledge - INFO - worker kw3 pull /app/data/kaviademo4200/2918/b124776/prescripto_full-stack_doctor_appointment_app-2918/frontend/src/App.jsx from ingest queue
2025-09-27 09:44:15,424 - Knowledge - INFO - worker kw9 pull /app/data/kaviademo4200/2918/b124776/prescripto_full-stack_doctor_appointment_app-2918/frontend/src/components/TopDoctors.jsx from ingest queue
2025-09-27 09:44:15,521 - Knowledge - INFO - knowledge worker kw10 start
2025-09-27 09:44:15,522 - Knowledge - INFO - worker kw11 created with dedicated MongoDB connection (total: 11)
2025-09-27 09:44:15,657 - Knowledge - INFO - adding /app/data/kaviademo4200/2918/b124776/prescripto_full-stack_doctor_appointment_app-2918/frontend/src/pages/Appointment.jsx to ingest queue
2025-09-27 09:44:15,701 - Knowledge - INFO - persist ingested knowledge for /app/data/kaviademo4200/2918/b124776/prescripto_full-stack_doctor_appointment_app-2918/frontend/src/pages/MyProfile.jsx
2025-09-27 09:44:16,003 - Knowledge - INFO - process ingested knowledge for /app/data/kaviademo4200/2918/b124776/prescripto_full-stack_doctor_appointment_app-2918/frontend/src/main.jsx
2025-09-27 09:44:16,048 - Knowledge - INFO - Found code_base: <app.utils.kg_build.knowledge.KnowledgeCodeBase object at 0x7f1064666890>
2025-09-27 09:44:16,139 - Knowledge - INFO - Found code_base: <app.utils.kg_build.knowledge.KnowledgeCodeBase object at 0x7f1064666890>
2025-09-27 09:44:16,246 - Knowledge - INFO - process ingested knowledge for /app/data/kaviademo4200/2918/b124776/prescripto_full-stack_doctor_appointment_app-2918/frontend/src/App.jsx
2025-09-27 09:44:16,366 - Knowledge - INFO - process ingested knowledge for /app/data/kaviademo4200/2918/b124776/prescripto_full-stack_doctor_appointment_app-2918/frontend/src/components/TopDoctors.jsx
2025-09-27 09:44:16,538 - Knowledge - INFO - knowledge worker kw11 start
2025-09-27 09:44:16,540 - Knowledge - INFO - worker kw12 created with dedicated MongoDB connection (total: 12)
2025-09-27 09:44:16,649 - Knowledge - INFO - Found code-base-name: https://github.com/kavia-common/prescripto_full-stack_doctor_appointment_app-2918.git:kavia-main
2025-09-27 09:44:16,649 - Knowledge - INFO - Found code-base-name: https://github.com/kavia-common/prescripto_full-stack_doctor_appointment_app-2918.git:kavia-main
2025-09-27 09:44:16,650 - Knowledge - INFO - worker kw10 pull /app/data/kaviademo4200/2918/b124776/prescripto_full-stack_doctor_appointment_app-2918/frontend/src/components/Header.jsx from ingest queue
2025-09-27 09:44:16,650 - Knowledge - INFO - worker kw4 pull /app/data/kaviademo4200/2918/b124776/prescripto_full-stack_doctor_appointment_app-2918/frontend/src/components/Footer.jsx from ingest queue
2025-09-27 09:44:16,814 - Knowledge - INFO - adding /app/data/kaviademo4200/2918/b124776/prescripto_full-stack_doctor_appointment_app-2918/frontend/src/pages/MyProfile.jsx to ingest queue
2025-09-27 09:44:16,965 - Knowledge - INFO - persist ingested knowledge for /app/data/kaviademo4200/2918/b124776/prescripto_full-stack_doctor_appointment_app-2918/frontend/src/pages/About.jsx
2025-09-27 09:44:17,089 - Knowledge - INFO - persist ingested knowledge for /app/data/kaviademo4200/2918/b124776/prescripto_full-stack_doctor_appointment_app-2918/frontend/src/pages/Doctors.jsx
2025-09-27 09:44:17,554 - Knowledge - INFO - knowledge worker kw12 start
2025-09-27 09:44:17,555 - Knowledge - INFO - worker kw13 created with dedicated MongoDB connection (total: 13)
2025-09-27 09:44:17,643 - Knowledge - INFO - Found code_base: <app.utils.kg_build.knowledge.KnowledgeCodeBase object at 0x7f1064666890>
2025-09-27 09:44:17,731 - Knowledge - INFO - Found code_base: <app.utils.kg_build.knowledge.KnowledgeCodeBase object at 0x7f1064666890>
2025-09-27 09:44:17,842 - Knowledge - INFO - process ingested knowledge for /app/data/kaviademo4200/2918/b124776/prescripto_full-stack_doctor_appointment_app-2918/frontend/src/components/Header.jsx
2025-09-27 09:44:17,948 - Knowledge - INFO - process ingested knowledge for /app/data/kaviademo4200/2918/b124776/prescripto_full-stack_doctor_appointment_app-2918/frontend/src/components/Footer.jsx
2025-09-27 09:44:18,039 - Knowledge - INFO - Found code-base-name: https://github.com/kavia-common/prescripto_full-stack_doctor_appointment_app-2918.git:kavia-main
2025-09-27 09:44:18,039 - Knowledge - INFO - Found code-base-name: https://github.com/kavia-common/prescripto_full-stack_doctor_appointment_app-2918.git:kavia-main
2025-09-27 09:44:18,040 - Knowledge - INFO - Found code-base-name: https://github.com/kavia-common/prescripto_full-stack_doctor_appointment_app-2918.git:kavia-main
2025-09-27 09:44:18,041 - Knowledge - INFO - worker kw11 pull /app/data/kaviademo4200/2918/b124776/prescripto_full-stack_doctor_appointment_app-2918/frontend/src/components/RelatedDoctors.jsx from ingest queue
2025-09-27 09:44:18,041 - Knowledge - INFO - worker kw5 pull /app/data/kaviademo4200/2918/b124776/prescripto_full-stack_doctor_appointment_app-2918/frontend/src/components/Banner.jsx from ingest queue
2025-09-27 09:44:18,167 - Knowledge - INFO - adding /app/data/kaviademo4200/2918/b124776/prescripto_full-stack_doctor_appointment_app-2918/frontend/src/pages/About.jsx to ingest queue
2025-09-27 09:44:18,433 - Knowledge - INFO - knowledge worker kw13 start
2025-09-27 09:44:18,435 - Knowledge - INFO - worker kw14 created with dedicated MongoDB connection (total: 14)
2025-09-27 09:44:18,524 - Knowledge - INFO - persist ingested knowledge for /app/data/kaviademo4200/2918/b124776/prescripto_full-stack_doctor_appointment_app-2918/frontend/src/pages/MyAppointments.jsx
2025-09-27 09:44:18,604 - Knowledge - INFO - persist ingested knowledge for /app/data/kaviademo4200/2918/b124776/prescripto_full-stack_doctor_appointment_app-2918/frontend/src/pages/Contact.jsx
2025-09-27 09:44:18,887 - Knowledge - INFO - Found code_base: <app.utils.kg_build.knowledge.KnowledgeCodeBase object at 0x7f1064666890>
2025-09-27 09:44:19,010 - Knowledge - INFO - Found code_base: <app.utils.kg_build.knowledge.KnowledgeCodeBase object at 0x7f1064666890>
2025-09-27 09:44:19,109 - Knowledge - INFO - Found code_base: <app.utils.kg_build.knowledge.KnowledgeCodeBase object at 0x7f1064666890>
2025-09-27 09:44:19,222 - Knowledge - INFO - process ingested knowledge for /app/data/kaviademo4200/2918/b124776/prescripto_full-stack_doctor_appointment_app-2918/frontend/src/components/RelatedDoctors.jsx
2025-09-27 09:44:19,338 - Knowledge - INFO - process ingested knowledge for /app/data/kaviademo4200/2918/b124776/prescripto_full-stack_doctor_appointment_app-2918/frontend/src/components/Banner.jsx
2025-09-27 09:44:19,447 - Knowledge - INFO - worker kw12 pull /app/data/kaviademo4200/2918/b124776/prescripto_full-stack_doctor_appointment_app-2918/frontend/src/components/Navbar.jsx from ingest queue
2025-09-27 09:44:19,447 - Knowledge - INFO - Found code-base-name: https://github.com/kavia-common/prescripto_full-stack_doctor_appointment_app-2918.git:kavia-main
2025-09-27 09:44:19,447 - Knowledge - INFO - Found code-base-name: https://github.com/kavia-common/prescripto_full-stack_doctor_appointment_app-2918.git:kavia-main
2025-09-27 09:44:19,447 - Knowledge - INFO - worker kw6 pull /app/data/kaviademo4200/2918/b124776/prescripto_full-stack_doctor_appointment_app-2918/frontend/src/components/SpecialityMenu.jsx from ingest queue
2025-09-27 09:44:19,447 - Knowledge - INFO - adding /app/data/kaviademo4200/2918/b124776/prescripto_full-stack_doctor_appointment_app-2918/frontend/src/pages/Doctors.jsx to ingest queue
2025-09-27 09:44:19,573 - Knowledge - INFO - knowledge worker kw14 start
2025-09-27 09:44:19,575 - Knowledge - INFO - worker kw15 created with dedicated MongoDB connection (total: 15)
2025-09-27 09:44:19,896 - Knowledge - INFO - persist ingested knowledge for /app/data/kaviademo4200/2918/b124776/prescripto_full-stack_doctor_appointment_app-2918/frontend/src/main.jsx
2025-09-27 09:44:20,011 - Knowledge - INFO - persist ingested knowledge for /app/data/kaviademo4200/2918/b124776/prescripto_full-stack_doctor_appointment_app-2918/frontend/src/App.jsx
2025-09-27 09:44:20,089 - Knowledge - INFO - persist ingested knowledge for /app/data/kaviademo4200/2918/b124776/prescripto_full-stack_doctor_appointment_app-2918/frontend/src/components/TopDoctors.jsx
2025-09-27 09:44:20,401 - Knowledge - INFO - process ingested knowledge for /app/data/kaviademo4200/2918/b124776/prescripto_full-stack_doctor_appointment_app-2918/frontend/src/components/Navbar.jsx
2025-09-27 09:44:20,453 - Knowledge - INFO - Found code_base: <app.utils.kg_build.knowledge.KnowledgeCodeBase object at 0x7f1064666890>
2025-09-27 09:44:20,583 - Knowledge - INFO - Found code_base: <app.utils.kg_build.knowledge.KnowledgeCodeBase object at 0x7f1064666890>
2025-09-27 09:44:20,685 - Knowledge - INFO - process ingested knowledge for /app/data/kaviademo4200/2918/b124776/prescripto_full-stack_doctor_appointment_app-2918/frontend/src/components/SpecialityMenu.jsx
2025-09-27 09:44:20,774 - Knowledge - INFO - worker kw13 pull /app/data/kaviademo4200/2918/b124776/prescripto_full-stack_doctor_appointment_app-2918/frontend/src/context/AppContext.jsx from ingest queue
2025-09-27 09:44:20,862 - Knowledge - INFO - Found code-base-name: https://github.com/kavia-common/prescripto_full-stack_doctor_appointment_app-2918.git:kavia-main
2025-09-27 09:44:20,862 - Knowledge - INFO - Found code-base-name: https://github.com/kavia-common/prescripto_full-stack_doctor_appointment_app-2918.git:kavia-main
2025-09-27 09:44:20,862 - Knowledge - INFO - worker kw1 pull /app/data/kaviademo4200/2918/b124776/prescripto_full-stack_doctor_appointment_app-2918/frontend/src/assets/assets.js from ingest queue
2025-09-27 09:44:20,862 - Knowledge - INFO - adding /app/data/kaviademo4200/2918/b124776/prescripto_full-stack_doctor_appointment_app-2918/frontend/src/pages/Contact.jsx to ingest queue
2025-09-27 09:44:21,031 - Knowledge - INFO - knowledge worker kw15 start
2025-09-27 09:44:21,032 - Knowledge - INFO - worker kw16 created with dedicated MongoDB connection (total: 16)
2025-09-27 09:44:21,494 - Knowledge - INFO - persist ingested knowledge for /app/data/kaviademo4200/2918/b124776/prescripto_full-stack_doctor_appointment_app-2918/frontend/src/components/Header.jsx
2025-09-27 09:44:21,586 - Knowledge - INFO - persist ingested knowledge for /app/data/kaviademo4200/2918/b124776/prescripto_full-stack_doctor_appointment_app-2918/frontend/src/components/Footer.jsx
2025-09-27 09:44:21,849 - Knowledge - INFO - process ingested knowledge for /app/data/kaviademo4200/2918/b124776/prescripto_full-stack_doctor_appointment_app-2918/frontend/src/context/AppContext.jsx
2025-09-27 09:44:21,907 - Knowledge - INFO - Found code_base: <app.utils.kg_build.knowledge.KnowledgeCodeBase object at 0x7f1064666890>
2025-09-27 09:44:22,010 - Knowledge - INFO - Found code_base: <app.utils.kg_build.knowledge.KnowledgeCodeBase object at 0x7f1064666890>
2025-09-27 09:44:22,123 - Knowledge - INFO - process ingested knowledge for /app/data/kaviademo4200/2918/b124776/prescripto_full-stack_doctor_appointment_app-2918/frontend/src/assets/assets.js
2025-09-27 09:44:22,213 - Knowledge - INFO - adding /app/data/kaviademo4200/2918/b124776/prescripto_full-stack_doctor_appointment_app-2918/frontend/src/pages/MyAppointments.jsx to ingest queue
2025-09-27 09:44:22,384 - Knowledge - INFO - knowledge worker kw16 start
2025-09-27 09:44:22,386 - Knowledge - INFO - worker kw17 created with dedicated MongoDB connection (total: 17)
2025-09-27 09:44:22,840 - Knowledge - INFO - persist ingested knowledge for /app/data/kaviademo4200/2918/b124776/prescripto_full-stack_doctor_appointment_app-2918/frontend/src/components/RelatedDoctors.jsx
2025-09-27 09:44:22,950 - Knowledge - INFO - persist ingested knowledge for /app/data/kaviademo4200/2918/b124776/prescripto_full-stack_doctor_appointment_app-2918/frontend/src/components/Banner.jsx
2025-09-27 09:44:23,182 - Knowledge - INFO - worker kw14 pull /app/data/kaviademo4200/2918/b124776/prescripto_full-stack_doctor_appointment_app-2918/frontend/src/index.css from ingest queue
2025-09-27 09:44:23,322 - Knowledge - INFO - Found code-base-name: https://github.com/kavia-common/prescripto_full-stack_doctor_appointment_app-2918.git:kavia-main
2025-09-27 09:44:23,322 - Knowledge - INFO - Found code-base-name: https://github.com/kavia-common/prescripto_full-stack_doctor_appointment_app-2918.git:kavia-main
2025-09-27 09:44:23,322 - Knowledge - INFO - worker kw2 pull /app/data/kaviademo4200/2918/b124776/prescripto_full-stack_doctor_appointment_app-2918/frontend/package.json from ingest queue
2025-09-27 09:44:23,383 - Knowledge - INFO - knowledge worker kw17 start
2025-09-27 09:44:23,385 - Knowledge - INFO - worker kw18 created with dedicated MongoDB connection (total: 18)
2025-09-27 09:44:23,408 - Knowledge - INFO - Found code-base-name: https://github.com/kavia-common/prescripto_full-stack_doctor_appointment_app-2918.git:kavia-main
2025-09-27 09:44:23,408 - Knowledge - INFO - Found code-base-name: https://github.com/kavia-common/prescripto_full-stack_doctor_appointment_app-2918.git:kavia-main
2025-09-27 09:44:23,409 - Knowledge - INFO - worker kw7 pull /app/data/kaviademo4200/2918/b124776/prescripto_full-stack_doctor_appointment_app-2918/frontend/postcss.config.js from ingest queue
2025-09-27 09:44:23,409 - Knowledge - INFO - adding /app/data/kaviademo4200/2918/b124776/prescripto_full-stack_doctor_appointment_app-2918/frontend/src/main.jsx to ingest queue
2025-09-27 09:44:23,665 - Knowledge - INFO - process ingested knowledge for /app/data/kaviademo4200/2918/b124776/prescripto_full-stack_doctor_appointment_app-2918/frontend/src/index.css
2025-09-27 09:44:23,729 - Knowledge - INFO - Found code_base: <app.utils.kg_build.knowledge.KnowledgeCodeBase object at 0x7f1064666890>
2025-09-27 09:44:23,811 - Knowledge - INFO - Found code_base: <app.utils.kg_build.knowledge.KnowledgeCodeBase object at 0x7f1064666890>
2025-09-27 09:44:23,948 - Knowledge - INFO - process ingested knowledge for /app/data/kaviademo4200/2918/b124776/prescripto_full-stack_doctor_appointment_app-2918/frontend/package.json
2025-09-27 09:44:24,105 - Knowledge - INFO - knowledge worker kw18 start
2025-09-27 09:44:24,106 - Knowledge - INFO - worker kw19 created with dedicated MongoDB connection (total: 19)
2025-09-27 09:44:24,193 - Knowledge - INFO - Found code_base: <app.utils.kg_build.knowledge.KnowledgeCodeBase object at 0x7f1064666890>
2025-09-27 09:44:24,315 - Knowledge - INFO - Found code_base: <app.utils.kg_build.knowledge.KnowledgeCodeBase object at 0x7f1064666890>
2025-09-27 09:44:24,455 - Knowledge - INFO - process ingested knowledge for /app/data/kaviademo4200/2918/b124776/prescripto_full-stack_doctor_appointment_app-2918/frontend/postcss.config.js
2025-09-27 09:44:24,508 - Knowledge - INFO - worker kw16 pull /app/data/kaviademo4200/2918/b124776/prescripto_full-stack_doctor_appointment_app-2918/frontend/vercel.json from ingest queue
2025-09-27 09:44:24,509 - Knowledge - INFO - adding /app/data/kaviademo4200/2918/b124776/prescripto_full-stack_doctor_appointment_app-2918/frontend/src/components/TopDoctors.jsx to ingest queue
2025-09-27 09:44:24,699 - Knowledge - INFO - persist ingested knowledge for /app/data/kaviademo4200/2918/b124776/prescripto_full-stack_doctor_appointment_app-2918/frontend/src/components/Navbar.jsx
2025-09-27 09:44:24,810 - Knowledge - INFO - persist ingested knowledge for /app/data/kaviademo4200/2918/b124776/prescripto_full-stack_doctor_appointment_app-2918/frontend/src/components/SpecialityMenu.jsx
2025-09-27 09:44:25,155 - Knowledge - INFO - knowledge worker kw19 start
2025-09-27 09:44:25,157 - Knowledge - INFO - worker kw20 created with dedicated MongoDB connection (total: 20)
2025-09-27 09:44:25,277 - Knowledge - INFO - persist ingested knowledge for /app/data/kaviademo4200/2918/b124776/prescripto_full-stack_doctor_appointment_app-2918/frontend/src/context/AppContext.jsx
2025-09-27 09:44:25,355 - Knowledge - INFO - persist ingested knowledge for /app/data/kaviademo4200/2918/b124776/prescripto_full-stack_doctor_appointment_app-2918/frontend/src/assets/assets.js
2025-09-27 09:44:25,563 - Knowledge - INFO - process ingested knowledge for /app/data/kaviademo4200/2918/b124776/prescripto_full-stack_doctor_appointment_app-2918/frontend/vercel.json
2025-09-27 09:44:25,622 - Knowledge - INFO - worker kw15 pull /app/data/kaviademo4200/2918/b124776/prescripto_full-stack_doctor_appointment_app-2918/frontend/README.md from ingest queue
2025-09-27 09:44:25,622 - Knowledge - INFO - adding /app/data/kaviademo4200/2918/b124776/prescripto_full-stack_doctor_appointment_app-2918/frontend/src/components/Header.jsx to ingest queue
2025-09-27 09:44:26,036 - Knowledge - INFO - knowledge worker kw20 start
2025-09-27 09:44:26,037 - Knowledge - WARNING - High connection count: 21 connections active
2025-09-27 09:44:26,431 - Knowledge - INFO - process ingested knowledge for /app/data/kaviademo4200/2918/b124776/prescripto_full-stack_doctor_appointment_app-2918/frontend/README.md
2025-09-27 09:44:26,491 - Knowledge - INFO - adding /app/data/kaviademo4200/2918/b124776/prescripto_full-stack_doctor_appointment_app-2918/frontend/src/components/Footer.jsx to ingest queue
2025-09-27 09:44:26,663 - Knowledge - INFO - worker kw21 created with dedicated MongoDB connection (total: 21)
2025-09-27 09:44:26,839 - Knowledge - INFO - adding /app/data/kaviademo4200/2918/b124776/prescripto_full-stack_doctor_appointment_app-2918/frontend/src/App.jsx to ingest queue
2025-09-27 09:44:26,923 - Knowledge - INFO - knowledge worker kw21 start
2025-09-27 09:44:26,925 - Knowledge - WARNING - High connection count: 22 connections active
2025-09-27 09:44:27,136 - Knowledge - INFO - worker kw17 pull /app/data/kaviademo4200/2918/b124776/prescripto_full-stack_doctor_appointment_app-2918/frontend/tailwind.config.js from ingest queue
2025-09-27 09:44:27,136 - Knowledge - INFO - worker kw8 pull /app/data/kaviademo4200/2918/b124776/prescripto_full-stack_doctor_appointment_app-2918/frontend/index.html from ingest queue
2025-09-27 09:44:27,136 - Knowledge - INFO - Found code-base-name: https://github.com/kavia-common/prescripto_full-stack_doctor_appointment_app-2918.git:kavia-main
2025-09-27 09:44:27,136 - Knowledge - INFO - worker kw18 pull /app/data/kaviademo4200/2918/b124776/prescripto_full-stack_doctor_appointment_app-2918/frontend/vite.config.js from ingest queue
2025-09-27 09:44:27,137 - Knowledge - INFO - Found code-base-name: https://github.com/kavia-common/prescripto_full-stack_doctor_appointment_app-2918.git:kavia-main
2025-09-27 09:44:27,137 - Knowledge - INFO - worker kw9 pull /app/data/kaviademo4200/2918/b124776/prescripto_full-stack_doctor_appointment_app-2918/backend/package.json from ingest queue
2025-09-27 09:44:27,184 - Knowledge - INFO - worker kw19 pull /app/data/kaviademo4200/2918/b124776/prescripto_full-stack_doctor_appointment_app-2918/backend/models/userModel.js from ingest queue
2025-09-27 09:44:27,227 - Knowledge - INFO - adding /app/data/kaviademo4200/2918/b124776/prescripto_full-stack_doctor_appointment_app-2918/frontend/src/context/AppContext.jsx to ingest queue
2025-09-27 09:44:27,250 - Knowledge - INFO - worker kw22 created with dedicated MongoDB connection (total: 22)
2025-09-27 09:44:27,384 - Knowledge - INFO - process ingested knowledge for /app/data/kaviademo4200/2918/b124776/prescripto_full-stack_doctor_appointment_app-2918/frontend/tailwind.config.js
2025-09-27 09:44:27,477 - Knowledge - INFO - process ingested knowledge for /app/data/kaviademo4200/2918/b124776/prescripto_full-stack_doctor_appointment_app-2918/frontend/index.html
2025-09-27 09:44:27,528 - Knowledge - INFO - Found code_base: <app.utils.kg_build.knowledge.KnowledgeCodeBase object at 0x7f1064666890>
2025-09-27 09:44:27,668 - Knowledge - INFO - process ingested knowledge for /app/data/kaviademo4200/2918/b124776/prescripto_full-stack_doctor_appointment_app-2918/frontend/vite.config.js
2025-09-27 09:44:27,758 - Knowledge - INFO - Found code_base: <app.utils.kg_build.knowledge.KnowledgeCodeBase object at 0x7f1064666890>
2025-09-27 09:44:27,898 - Knowledge - INFO - process ingested knowledge for /app/data/kaviademo4200/2918/b124776/prescripto_full-stack_doctor_appointment_app-2918/backend/package.json
2025-09-27 09:44:28,004 - Knowledge - INFO - process ingested knowledge for /app/data/kaviademo4200/2918/b124776/prescripto_full-stack_doctor_appointment_app-2918/backend/models/userModel.js
2025-09-27 09:44:28,080 - Knowledge - INFO - Found code-base-name: https://github.com/kavia-common/prescripto_full-stack_doctor_appointment_app-2918.git:kavia-main
2025-09-27 09:44:28,994 - Knowledge - INFO - Found code_base: <app.utils.kg_build.knowledge.KnowledgeCodeBase object at 0x7f1064666890>
2025-09-27 09:44:28,082 - Knowledge - INFO - worker kw20 pull /app/data/kaviademo4200/2918/b124776/prescripto_full-stack_doctor_appointment_app-2918/backend/models/doctorModel.js from ingest queue
2025-09-27 09:44:28,082 - Knowledge - INFO - worker kw4 pull /app/data/kaviademo4200/2918/b124776/prescripto_full-stack_doctor_appointment_app-2918/backend/routes/userRoute.js from ingest queue
2025-09-27 09:44:28,082 - Knowledge - INFO - worker kw3 pull /app/data/kaviademo4200/2918/b124776/prescripto_full-stack_doctor_appointment_app-2918/backend/routes/doctorRoute.js from ingest queue
2025-09-27 09:44:28,082 - Knowledge - INFO - adding /app/data/kaviademo4200/2918/b124776/prescripto_full-stack_doctor_appointment_app-2918/frontend/src/components/Banner.jsx to ingest queue
2025-09-27 09:44:28,163 - Knowledge - INFO - knowledge worker kw22 start
2025-09-27 09:44:28,165 - Knowledge - WARNING - High connection count: 23 connections active
2025-09-27 09:44:28,512 - Knowledge - INFO - persist ingested knowledge for /app/data/kaviademo4200/2918/b124776/prescripto_full-stack_doctor_appointment_app-2918/frontend/src/index.css
2025-09-27 09:44:28,681 - Knowledge - INFO - persist ingested knowledge for /app/data/kaviademo4200/2918/b124776/prescripto_full-stack_doctor_appointment_app-2918/frontend/postcss.config.js
2025-09-27 09:44:28,082 - Knowledge - INFO - worker kw10 pull /app/data/kaviademo4200/2918/b124776/prescripto_full-stack_doctor_appointment_app-2918/backend/models/appointmentModel.js from ingest queue
2025-09-27 09:44:29,089 - Knowledge - INFO - persist ingested knowledge for /app/data/kaviademo4200/2918/b124776/prescripto_full-stack_doctor_appointment_app-2918/frontend/vercel.json
2025-09-27 09:44:29,216 - Knowledge - INFO - process ingested knowledge for /app/data/kaviademo4200/2918/b124776/prescripto_full-stack_doctor_appointment_app-2918/backend/models/doctorModel.js
2025-09-27 09:44:29,314 - Knowledge - INFO - process ingested knowledge for /app/data/kaviademo4200/2918/b124776/prescripto_full-stack_doctor_appointment_app-2918/backend/routes/userRoute.js
2025-09-27 09:44:29,415 - Knowledge - INFO - process ingested knowledge for /app/data/kaviademo4200/2918/b124776/prescripto_full-stack_doctor_appointment_app-2918/backend/routes/doctorRoute.js
2025-09-27 09:44:29,515 - Knowledge - INFO - worker kw21 pull /app/data/kaviademo4200/2918/b124776/prescripto_full-stack_doctor_appointment_app-2918/backend/routes/adminRoute.js from ingest queue
2025-09-27 09:44:29,515 - Knowledge - INFO - adding /app/data/kaviademo4200/2918/b124776/prescripto_full-stack_doctor_appointment_app-2918/frontend/src/components/Navbar.jsx to ingest queue
2025-09-27 09:44:29,703 - Knowledge - INFO - worker kw23 created with dedicated MongoDB connection (total: 23)
2025-09-27 09:44:30,043 - Knowledge - INFO - process ingested knowledge for /app/data/kaviademo4200/2918/b124776/prescripto_full-stack_doctor_appointment_app-2918/backend/models/appointmentModel.js
2025-09-27 09:44:30,501 - Knowledge - INFO - process ingested knowledge for /app/data/kaviademo4200/2918/b124776/prescripto_full-stack_doctor_appointment_app-2918/backend/routes/adminRoute.js
2025-09-27 09:44:30,610 - Knowledge - INFO - Found code-base-name: https://github.com/kavia-common/prescripto_full-stack_doctor_appointment_app-2918.git:kavia-main
2025-09-27 09:44:30,611 - Knowledge - INFO - worker kw13 pull /app/data/kaviademo4200/2918/b124776/prescripto_full-stack_doctor_appointment_app-2918/backend/server.js from ingest queue
2025-09-27 09:44:30,611 - Knowledge - INFO - adding /app/data/kaviademo4200/2918/b124776/prescripto_full-stack_doctor_appointment_app-2918/frontend/src/components/RelatedDoctors.jsx to ingest queue
2025-09-27 09:44:30,663 - Knowledge - INFO - knowledge worker kw23 start
2025-09-27 09:44:30,665 - Knowledge - WARNING - High connection count: 24 connections active
2025-09-27 09:44:30,979 - Knowledge - INFO - Found code_base: <app.utils.kg_build.knowledge.KnowledgeCodeBase object at 0x7f1064666890>
2025-09-27 09:44:31,085 - Knowledge - INFO - process ingested knowledge for /app/data/kaviademo4200/2918/b124776/prescripto_full-stack_doctor_appointment_app-2918/backend/server.js
2025-09-27 09:44:31,149 - Knowledge - INFO - Found code-base-name: https://github.com/kavia-common/prescripto_full-stack_doctor_appointment_app-2918.git:kavia-main
2025-09-27 09:44:31,149 - Knowledge - INFO - Found code-base-name: https://github.com/kavia-common/prescripto_full-stack_doctor_appointment_app-2918.git:kavia-main
2025-09-27 09:44:31,150 - Knowledge - INFO - Found code-base-name: https://github.com/kavia-common/prescripto_full-stack_doctor_appointment_app-2918.git:kavia-main
2025-09-27 09:44:31,150 - Knowledge - INFO - Found code-base-name: https://github.com/kavia-common/prescripto_full-stack_doctor_appointment_app-2918.git:kavia-main
2025-09-27 09:44:31,150 - Knowledge - INFO - Found code-base-name: https://github.com/kavia-common/prescripto_full-stack_doctor_appointment_app-2918.git:kavia-main
2025-09-27 09:44:31,151 - Knowledge - INFO - worker kw5 pull /app/data/kaviademo4200/2918/b124776/prescripto_full-stack_doctor_appointment_app-2918/backend/config/mongodb.js from ingest queue
2025-09-27 09:44:31,151 - Knowledge - INFO - adding /app/data/kaviademo4200/2918/b124776/prescripto_full-stack_doctor_appointment_app-2918/frontend/src/components/SpecialityMenu.jsx to ingest queue
2025-09-27 09:44:31,331 - Knowledge - INFO - worker kw24 created with dedicated MongoDB connection (total: 24)
2025-09-27 09:44:31,411 - Knowledge - INFO - persist ingested knowledge for /app/data/kaviademo4200/2918/b124776/prescripto_full-stack_doctor_appointment_app-2918/frontend/README.md
2025-09-27 09:44:31,576 - Knowledge - INFO - Found code_base: <app.utils.kg_build.knowledge.KnowledgeCodeBase object at 0x7f1064666890>
2025-09-27 09:44:31,664 - Knowledge - INFO - Found code_base: <app.utils.kg_build.knowledge.KnowledgeCodeBase object at 0x7f1064666890>
2025-09-27 09:44:31,785 - Knowledge - INFO - Found code_base: <app.utils.kg_build.knowledge.KnowledgeCodeBase object at 0x7f1064666890>
2025-09-27 09:44:31,886 - Knowledge - INFO - Found code_base: <app.utils.kg_build.knowledge.KnowledgeCodeBase object at 0x7f1064666890>
2025-09-27 09:44:31,968 - Knowledge - INFO - Found code_base: <app.utils.kg_build.knowledge.KnowledgeCodeBase object at 0x7f1064666890>
2025-09-27 09:44:32,093 - Knowledge - INFO - process ingested knowledge for /app/data/kaviademo4200/2918/b124776/prescripto_full-stack_doctor_appointment_app-2918/backend/config/mongodb.js
2025-09-27 09:44:32,262 - Knowledge - INFO - knowledge worker kw24 start
2025-09-27 09:44:32,264 - Knowledge - WARNING - High connection count: 25 connections active
2025-09-27 09:44:32,290 - Knowledge - INFO - Found code-base-name: https://github.com/kavia-common/prescripto_full-stack_doctor_appointment_app-2918.git:kavia-main
2025-09-27 09:44:32,291 - Knowledge - INFO - Found code-base-name: https://github.com/kavia-common/prescripto_full-stack_doctor_appointment_app-2918.git:kavia-main
2025-09-27 09:44:32,291 - Knowledge - INFO - Found code-base-name: https://github.com/kavia-common/prescripto_full-stack_doctor_appointment_app-2918.git:kavia-main
2025-09-27 09:44:32,291 - Knowledge - INFO - worker kw12 pull /app/data/kaviademo4200/2918/b124776/prescripto_full-stack_doctor_appointment_app-2918/backend/config/cloudinary.js from ingest queue
2025-09-27 09:44:32,291 - Knowledge - INFO - adding /app/data/kaviademo4200/2918/b124776/prescripto_full-stack_doctor_appointment_app-2918/frontend/src/assets/assets.js to ingest queue
2025-09-27 09:44:32,464 - Knowledge - INFO - persist ingested knowledge for /app/data/kaviademo4200/2918/b124776/prescripto_full-stack_doctor_appointment_app-2918/frontend/tailwind.config.js
2025-09-27 09:44:32,575 - Knowledge - INFO - persist ingested knowledge for /app/data/kaviademo4200/2918/b124776/prescripto_full-stack_doctor_appointment_app-2918/frontend/index.html
2025-09-27 09:44:32,690 - Knowledge - INFO - persist ingested knowledge for /app/data/kaviademo4200/2918/b124776/prescripto_full-stack_doctor_appointment_app-2918/frontend/vite.config.js
2025-09-27 09:44:32,767 - Knowledge - INFO - persist ingested knowledge for /app/data/kaviademo4200/2918/b124776/prescripto_full-stack_doctor_appointment_app-2918/backend/package.json
2025-09-27 09:44:32,872 - Knowledge - INFO - persist ingested knowledge for /app/data/kaviademo4200/2918/b124776/prescripto_full-stack_doctor_appointment_app-2918/backend/models/userModel.js
2025-09-27 09:44:33,132 - Knowledge - INFO - worker kw25 created with dedicated MongoDB connection (total: 25)
2025-09-27 09:44:33,224 - Knowledge - INFO - Found code_base: <app.utils.kg_build.knowledge.KnowledgeCodeBase object at 0x7f1064666890>
2025-09-27 09:44:33,354 - Knowledge - INFO - Found code_base: <app.utils.kg_build.knowledge.KnowledgeCodeBase object at 0x7f1064666890>
2025-09-27 09:44:33,434 - Knowledge - INFO - Found code_base: <app.utils.kg_build.knowledge.KnowledgeCodeBase object at 0x7f1064666890>
2025-09-27 09:44:33,547 - Knowledge - INFO - process ingested knowledge for /app/data/kaviademo4200/2918/b124776/prescripto_full-stack_doctor_appointment_app-2918/backend/config/cloudinary.js
2025-09-27 09:44:33,598 - Knowledge - INFO - Found code-base-name: https://github.com/kavia-common/prescripto_full-stack_doctor_appointment_app-2918.git:kavia-main
2025-09-27 09:44:33,600 - Knowledge - INFO - Found code-base-name: https://github.com/kavia-common/prescripto_full-stack_doctor_appointment_app-2918.git:kavia-main
2025-09-27 09:44:33,600 - Knowledge - INFO - worker kw11 pull /app/data/kaviademo4200/2918/b124776/prescripto_full-stack_doctor_appointment_app-2918/backend/middleware/authDoctor.js from ingest queue
2025-09-27 09:44:33,600 - Knowledge - INFO - worker kw22 pull /app/data/kaviademo4200/2918/b124776/prescripto_full-stack_doctor_appointment_app-2918/backend/middleware/multer.js from ingest queue
2025-09-27 09:44:33,600 - Knowledge - INFO - Found code-base-name: https://github.com/kavia-common/prescripto_full-stack_doctor_appointment_app-2918.git:kavia-main
2025-09-27 09:44:33,601 - Knowledge - INFO - worker kw6 pull /app/data/kaviademo4200/2918/b124776/prescripto_full-stack_doctor_appointment_app-2918/backend/middleware/authUser.js from ingest queue
2025-09-27 09:44:33,601 - Knowledge - INFO - adding /app/data/kaviademo4200/2918/b124776/prescripto_full-stack_doctor_appointment_app-2918/frontend/src/index.css to ingest queue
2025-09-27 09:44:34,162 - Knowledge - INFO - knowledge worker kw25 start
2025-09-27 09:44:34,164 - Knowledge - WARNING - High connection count: 26 connections active
2025-09-27 09:44:34,295 - Knowledge - INFO - persist ingested knowledge for /app/data/kaviademo4200/2918/b124776/prescripto_full-stack_doctor_appointment_app-2918/backend/models/doctorModel.js
2025-09-27 09:44:34,387 - Knowledge - INFO - persist ingested knowledge for /app/data/kaviademo4200/2918/b124776/prescripto_full-stack_doctor_appointment_app-2918/backend/routes/userRoute.js
2025-09-27 09:44:34,486 - Knowledge - INFO - persist ingested knowledge for /app/data/kaviademo4200/2918/b124776/prescripto_full-stack_doctor_appointment_app-2918/backend/routes/doctorRoute.js
2025-09-27 09:44:34,687 - Knowledge - INFO - Found code_base: <app.utils.kg_build.knowledge.KnowledgeCodeBase object at 0x7f1064666890>
2025-09-27 09:44:34,770 - Knowledge - INFO - Found code_base: <app.utils.kg_build.knowledge.KnowledgeCodeBase object at 0x7f1064666890>
2025-09-27 09:44:34,888 - Knowledge - INFO - process ingested knowledge for /app/data/kaviademo4200/2918/b124776/prescripto_full-stack_doctor_appointment_app-2918/backend/middleware/authDoctor.js
2025-09-27 09:44:34,970 - Knowledge - INFO - process ingested knowledge for /app/data/kaviademo4200/2918/b124776/prescripto_full-stack_doctor_appointment_app-2918/backend/middleware/multer.js
2025-09-27 09:44:35,055 - Knowledge - INFO - Found code_base: <app.utils.kg_build.knowledge.KnowledgeCodeBase object at 0x7f1064666890>
2025-09-27 09:44:35,202 - Knowledge - INFO - process ingested knowledge for /app/data/kaviademo4200/2918/b124776/prescripto_full-stack_doctor_appointment_app-2918/backend/middleware/authUser.js
2025-09-27 09:44:35,266 - Knowledge - INFO - adding /app/data/kaviademo4200/2918/b124776/prescripto_full-stack_doctor_appointment_app-2918/frontend/vercel.json to ingest queue
2025-09-27 09:44:36,344 - Knowledge - INFO - worker kw16 pull /app/data/kaviademo4200/2918/b124776/prescripto_full-stack_doctor_appointment_app-2918/backend/middleware/authAdmin.js from ingest queue
2025-09-27 09:44:35,788 - Knowledge - INFO - persist ingested knowledge for /app/data/kaviademo4200/2918/b124776/prescripto_full-stack_doctor_appointment_app-2918/backend/models/appointmentModel.js
2025-09-27 09:44:35,870 - Knowledge - INFO - persist ingested knowledge for /app/data/kaviademo4200/2918/b124776/prescripto_full-stack_doctor_appointment_app-2918/backend/routes/adminRoute.js
2025-09-27 09:44:36,167 - Knowledge - INFO - persist ingested knowledge for /app/data/kaviademo4200/2918/b124776/prescripto_full-stack_doctor_appointment_app-2918/backend/server.js
2025-09-27 09:44:35,438 - Knowledge - INFO - worker kw26 created with dedicated MongoDB connection (total: 26)
2025-09-27 09:44:36,345 - Knowledge - INFO - Found code-base-name: https://github.com/kavia-common/prescripto_full-stack_doctor_appointment_app-2918.git:kavia-main
2025-09-27 09:44:36,345 - Knowledge - INFO - worker kw24 pull /app/data/kaviademo4200/2918/b124776/prescripto_full-stack_doctor_appointment_app-2918/backend/vercel.json from ingest queue
2025-09-27 09:44:36,400 - Knowledge - INFO - worker kw23 pull /app/data/kaviademo4200/2918/b124776/prescripto_full-stack_doctor_appointment_app-2918/backend/controllers/adminController.js from ingest queue
2025-09-27 09:44:36,400 - Knowledge - INFO - adding /app/data/kaviademo4200/2918/b124776/prescripto_full-stack_doctor_appointment_app-2918/frontend/postcss.config.js to ingest queue
2025-09-27 09:44:36,475 - Knowledge - INFO - process ingested knowledge for /app/data/kaviademo4200/2918/b124776/prescripto_full-stack_doctor_appointment_app-2918/backend/middleware/authAdmin.js
2025-09-27 09:44:36,778 - Knowledge - INFO - knowledge worker kw26 start
2025-09-27 09:44:36,780 - Knowledge - WARNING - High connection count: 27 connections active
2025-09-27 09:44:36,858 - Knowledge - INFO - Found code_base: <app.utils.kg_build.knowledge.KnowledgeCodeBase object at 0x7f1064666890>
2025-09-27 09:44:36,994 - Knowledge - INFO - process ingested knowledge for /app/data/kaviademo4200/2918/b124776/prescripto_full-stack_doctor_appointment_app-2918/backend/vercel.json
2025-09-27 09:44:37,112 - Knowledge - INFO - process ingested knowledge for /app/data/kaviademo4200/2918/b124776/prescripto_full-stack_doctor_appointment_app-2918/backend/controllers/adminController.js
2025-09-27 09:44:37,400 - Knowledge - INFO - Found code-base-name: https://github.com/kavia-common/prescripto_full-stack_doctor_appointment_app-2918.git:kavia-main
2025-09-27 09:44:37,400 - Knowledge - INFO - worker kw14 pull /app/data/kaviademo4200/2918/b124776/prescripto_full-stack_doctor_appointment_app-2918/backend/controllers/doctorController.js from ingest queue
2025-09-27 09:44:37,400 - Knowledge - INFO - worker kw25 pull /app/data/kaviademo4200/2918/b124776/prescripto_full-stack_doctor_appointment_app-2918/backend/controllers/userController.js from ingest queue
2025-09-27 09:44:37,440 - Knowledge - INFO - worker kw27 created with dedicated MongoDB connection (total: 27)
2025-09-27 09:44:37,487 - Knowledge - INFO - Found code-base-name: https://github.com/kavia-common/prescripto_full-stack_doctor_appointment_app-2918.git:kavia-main
2025-09-27 09:44:37,487 - Knowledge - INFO - Found code-base-name: https://github.com/kavia-common/prescripto_full-stack_doctor_appointment_app-2918.git:kavia-main
2025-09-27 09:44:37,488 - Knowledge - INFO - Found code-base-name: https://github.com/kavia-common/prescripto_full-stack_doctor_appointment_app-2918.git:kavia-main
2025-09-27 09:44:37,488 - Knowledge - INFO - Found code-base-name: https://github.com/kavia-common/prescripto_full-stack_doctor_appointment_app-2918.git:kavia-main
2025-09-27 09:44:37,488 - Knowledge - INFO - worker kw1 pull /app/data/kaviademo4200/2918/b124776/prescripto_full-stack_doctor_appointment_app-2918/admin/src/pages/Login.jsx from ingest queue
2025-09-27 09:44:37,488 - Knowledge - INFO - adding /app/data/kaviademo4200/2918/b124776/prescripto_full-stack_doctor_appointment_app-2918/frontend/README.md to ingest queue
2025-09-27 09:44:37,514 - Knowledge - INFO - persist ingested knowledge for /app/data/kaviademo4200/2918/b124776/prescripto_full-stack_doctor_appointment_app-2918/backend/config/mongodb.js
2025-09-27 09:44:37,786 - Knowledge - INFO - Found code_base: <app.utils.kg_build.knowledge.KnowledgeCodeBase object at 0x7f1064666890>
2025-09-27 09:44:37,944 - Knowledge - INFO - process ingested knowledge for /app/data/kaviademo4200/2918/b124776/prescripto_full-stack_doctor_appointment_app-2918/backend/controllers/doctorController.js
2025-09-27 09:44:38,006 - Knowledge - INFO - process ingested knowledge for /app/data/kaviademo4200/2918/b124776/prescripto_full-stack_doctor_appointment_app-2918/backend/controllers/userController.js
2025-09-27 09:44:38,061 - Knowledge - INFO - knowledge worker kw27 start
2025-09-27 09:44:38,062 - Knowledge - WARNING - High connection count: 28 connections active
2025-09-27 09:44:38,161 - Knowledge - INFO - Found code_base: <app.utils.kg_build.knowledge.KnowledgeCodeBase object at 0x7f1064666890>
2025-09-27 09:44:38,285 - Knowledge - INFO - Found code_base: <app.utils.kg_build.knowledge.KnowledgeCodeBase object at 0x7f1064666890>
2025-09-27 09:44:38,396 - Knowledge - INFO - Found code_base: <app.utils.kg_build.knowledge.KnowledgeCodeBase object at 0x7f1064666890>
2025-09-27 09:44:38,475 - Knowledge - INFO - Found code_base: <app.utils.kg_build.knowledge.KnowledgeCodeBase object at 0x7f1064666890>
2025-09-27 09:44:38,593 - Knowledge - INFO - process ingested knowledge for /app/data/kaviademo4200/2918/b124776/prescripto_full-stack_doctor_appointment_app-2918/admin/src/pages/Login.jsx
2025-09-27 09:44:38,784 - Knowledge - INFO - worker kw7 pull /app/data/kaviademo4200/2918/b124776/prescripto_full-stack_doctor_appointment_app-2918/admin/src/pages/Admin/AllAppointments.jsx from ingest queue
2025-09-27 09:44:38,784 - Knowledge - INFO - adding /app/data/kaviademo4200/2918/b124776/prescripto_full-stack_doctor_appointment_app-2918/frontend/tailwind.config.js to ingest queue
2025-09-27 09:44:38,916 - Knowledge - INFO - persist ingested knowledge for /app/data/kaviademo4200/2918/b124776/prescripto_full-stack_doctor_appointment_app-2918/backend/config/cloudinary.js
2025-09-27 09:44:39,332 - Knowledge - INFO - worker kw28 created with dedicated MongoDB connection (total: 28)
2025-09-27 09:44:39,435 - Knowledge - INFO - persist ingested knowledge for /app/data/kaviademo4200/2918/b124776/prescripto_full-stack_doctor_appointment_app-2918/backend/middleware/authDoctor.js
2025-09-27 09:44:39,539 - Knowledge - INFO - persist ingested knowledge for /app/data/kaviademo4200/2918/b124776/prescripto_full-stack_doctor_appointment_app-2918/backend/middleware/multer.js
2025-09-27 09:44:39,637 - Knowledge - INFO - persist ingested knowledge for /app/data/kaviademo4200/2918/b124776/prescripto_full-stack_doctor_appointment_app-2918/backend/middleware/authUser.js
2025-09-27 09:44:39,725 - Knowledge - INFO - persist ingested knowledge for /app/data/kaviademo4200/2918/b124776/prescripto_full-stack_doctor_appointment_app-2918/frontend/package.json
2025-09-27 09:44:39,959 - Knowledge - INFO - process ingested knowledge for /app/data/kaviademo4200/2918/b124776/prescripto_full-stack_doctor_appointment_app-2918/admin/src/pages/Admin/AllAppointments.jsx
2025-09-27 09:44:40,050 - Knowledge - INFO - Found code-base-name: https://github.com/kavia-common/prescripto_full-stack_doctor_appointment_app-2918.git:kavia-main
2025-09-27 09:44:40,052 - Knowledge - INFO - adding /app/data/kaviademo4200/2918/b124776/prescripto_full-stack_doctor_appointment_app-2918/frontend/vite.config.js to ingest queue
2025-09-27 09:44:40,245 - Knowledge - INFO - knowledge worker kw28 start
2025-09-27 09:44:40,246 - Knowledge - WARNING - High connection count: 29 connections active
2025-09-27 09:44:40,838 - Knowledge - INFO - Found code_base: <app.utils.kg_build.knowledge.KnowledgeCodeBase object at 0x7f1064666890>
2025-09-27 09:44:40,925 - Knowledge - INFO - worker kw26 pull /app/data/kaviademo4200/2918/b124776/prescripto_full-stack_doctor_appointment_app-2918/admin/src/pages/Admin/DoctorsList.jsx from ingest queue
2025-09-27 09:44:40,926 - Knowledge - INFO - adding /app/data/kaviademo4200/2918/b124776/prescripto_full-stack_doctor_appointment_app-2918/backend/package.json to ingest queue
2025-09-27 09:44:41,085 - Knowledge - INFO - worker kw29 created with dedicated MongoDB connection (total: 29)
2025-09-27 09:44:41,198 - Knowledge - INFO - persist ingested knowledge for /app/data/kaviademo4200/2918/b124776/prescripto_full-stack_doctor_appointment_app-2918/backend/middleware/authAdmin.js
2025-09-27 09:44:41,342 - Knowledge - INFO - process ingested knowledge for /app/data/kaviademo4200/2918/b124776/prescripto_full-stack_doctor_appointment_app-2918/admin/src/pages/Admin/DoctorsList.jsx
2025-09-27 09:44:41,430 - Knowledge - INFO - adding /app/data/kaviademo4200/2918/b124776/prescripto_full-stack_doctor_appointment_app-2918/backend/models/userModel.js to ingest queue
2025-09-27 09:44:41,552 - Knowledge - INFO - knowledge worker kw29 start
2025-09-27 09:44:41,554 - Knowledge - WARNING - High connection count: 30 connections active
2025-09-27 09:44:41,923 - Knowledge - INFO - adding /app/data/kaviademo4200/2918/b124776/prescripto_full-stack_doctor_appointment_app-2918/backend/routes/userRoute.js to ingest queue
2025-09-27 09:44:42,085 - Knowledge - INFO - worker kw30 created with dedicated MongoDB connection (total: 30)
2025-09-27 09:44:42,173 - Knowledge - INFO - adding /app/data/kaviademo4200/2918/b124776/prescripto_full-stack_doctor_appointment_app-2918/backend/routes/doctorRoute.js to ingest queue
2025-09-27 09:44:42,262 - Knowledge - INFO - knowledge worker kw30 start
2025-09-27 09:44:42,389 - Knowledge - INFO - Found code-base-name: https://github.com/kavia-common/prescripto_full-stack_doctor_appointment_app-2918.git:kavia-main
2025-09-27 09:44:42,389 - Knowledge - INFO - Found code-base-name: https://github.com/kavia-common/prescripto_full-stack_doctor_appointment_app-2918.git:kavia-main
2025-09-27 09:44:42,389 - Knowledge - INFO - worker kw15 pull /app/data/kaviademo4200/2918/b124776/prescripto_full-stack_doctor_appointment_app-2918/admin/src/pages/Admin/Dashboard.jsx from ingest queue
2025-09-27 09:44:42,389 - Knowledge - INFO - adding /app/data/kaviademo4200/2918/b124776/prescripto_full-stack_doctor_appointment_app-2918/frontend/index.html to ingest queue
2025-09-27 09:44:42,522 - Knowledge - INFO - Found code_base: <app.utils.kg_build.knowledge.KnowledgeCodeBase object at 0x7f1064666890>
2025-09-27 09:44:42,631 - Knowledge - INFO - Found code_base: <app.utils.kg_build.knowledge.KnowledgeCodeBase object at 0x7f1064666890>
2025-09-27 09:44:42,764 - Knowledge - INFO - process ingested knowledge for /app/data/kaviademo4200/2918/b124776/prescripto_full-stack_doctor_appointment_app-2918/admin/src/pages/Admin/Dashboard.jsx
2025-09-27 09:44:42,858 - Knowledge - INFO - adding /app/data/kaviademo4200/2918/b124776/prescripto_full-stack_doctor_appointment_app-2918/backend/server.js to ingest queue
2025-09-27 09:44:42,937 - Knowledge - INFO - persist ingested knowledge for /app/data/kaviademo4200/2918/b124776/prescripto_full-stack_doctor_appointment_app-2918/backend/vercel.json
2025-09-27 09:44:43,038 - Knowledge - INFO - persist ingested knowledge for /app/data/kaviademo4200/2918/b124776/prescripto_full-stack_doctor_appointment_app-2918/backend/controllers/adminController.js
2025-09-27 09:44:43,285 - Knowledge - INFO - Found code-base-name: https://github.com/kavia-common/prescripto_full-stack_doctor_appointment_app-2918.git:kavia-main
2025-09-27 09:44:43,285 - Knowledge - INFO - Found code-base-name: https://github.com/kavia-common/prescripto_full-stack_doctor_appointment_app-2918.git:kavia-main
2025-09-27 09:44:43,285 - Knowledge - INFO - worker kw27 pull /app/data/kaviademo4200/2918/b124776/prescripto_full-stack_doctor_appointment_app-2918/admin/src/pages/Admin/AddDoctor.jsx from ingest queue
2025-09-27 09:44:43,285 - Knowledge - INFO - Found code-base-name: https://github.com/kavia-common/prescripto_full-stack_doctor_appointment_app-2918.git:kavia-main
2025-09-27 09:44:43,285 - Knowledge - INFO - worker kw17 pull /app/data/kaviademo4200/2918/b124776/prescripto_full-stack_doctor_appointment_app-2918/admin/src/pages/Doctor/DoctorAppointments.jsx from ingest queue
2025-09-27 09:44:43,470 - Knowledge - INFO - Found code-base-name: https://github.com/kavia-common/prescripto_full-stack_doctor_appointment_app-2918.git:kavia-main
2025-09-27 09:44:43,471 - Knowledge - INFO - worker kw18 pull /app/data/kaviademo4200/2918/b124776/prescripto_full-stack_doctor_appointment_app-2918/admin/src/pages/Doctor/DoctorDashboard.jsx from ingest queue
2025-09-27 09:44:43,471 - Knowledge - INFO - worker kw28 pull /app/data/kaviademo4200/2918/b124776/prescripto_full-stack_doctor_appointment_app-2918/admin/src/pages/Doctor/DoctorProfile.jsx from ingest queue
2025-09-27 09:44:43,513 - Knowledge - INFO - Found code-base-name: https://github.com/kavia-common/prescripto_full-stack_doctor_appointment_app-2918.git:kavia-main
2025-09-27 09:44:43,514 - Knowledge - INFO - worker kw19 pull /app/data/kaviademo4200/2918/b124776/prescripto_full-stack_doctor_appointment_app-2918/admin/src/main.jsx from ingest queue
2025-09-27 09:44:43,514 - Knowledge - INFO - adding /app/data/kaviademo4200/2918/b124776/prescripto_full-stack_doctor_appointment_app-2918/backend/models/doctorModel.js to ingest queue
2025-09-27 09:44:43,532 - Knowledge - INFO - Found code_base: <app.utils.kg_build.knowledge.KnowledgeCodeBase object at 0x7f1064666890>
2025-09-27 09:44:43,642 - Knowledge - INFO - Found code_base: <app.utils.kg_build.knowledge.KnowledgeCodeBase object at 0x7f1064666890>
2025-09-27 09:44:43,749 - Knowledge - INFO - process ingested knowledge for /app/data/kaviademo4200/2918/b124776/prescripto_full-stack_doctor_appointment_app-2918/admin/src/pages/Admin/AddDoctor.jsx
2025-09-27 09:44:43,811 - Knowledge - INFO - Found code_base: <app.utils.kg_build.knowledge.KnowledgeCodeBase object at 0x7f1064666890>
2025-09-27 09:44:43,937 - Knowledge - INFO - process ingested knowledge for /app/data/kaviademo4200/2918/b124776/prescripto_full-stack_doctor_appointment_app-2918/admin/src/pages/Doctor/DoctorAppointments.jsx
2025-09-27 09:44:44,019 - Knowledge - INFO - Found code_base: <app.utils.kg_build.knowledge.KnowledgeCodeBase object at 0x7f1064666890>
2025-09-27 09:44:44,157 - Knowledge - INFO - process ingested knowledge for /app/data/kaviademo4200/2918/b124776/prescripto_full-stack_doctor_appointment_app-2918/admin/src/pages/Doctor/DoctorDashboard.jsx
2025-09-27 09:44:44,250 - Knowledge - INFO - process ingested knowledge for /app/data/kaviademo4200/2918/b124776/prescripto_full-stack_doctor_appointment_app-2918/admin/src/pages/Doctor/DoctorProfile.jsx
2025-09-27 09:44:44,327 - Knowledge - INFO - Found code_base: <app.utils.kg_build.knowledge.KnowledgeCodeBase object at 0x7f1064666890>
2025-09-27 09:44:44,448 - Knowledge - INFO - process ingested knowledge for /app/data/kaviademo4200/2918/b124776/prescripto_full-stack_doctor_appointment_app-2918/admin/src/main.jsx
2025-09-27 09:44:44,535 - Knowledge - INFO - worker kw4 pull /app/data/kaviademo4200/2918/b124776/prescripto_full-stack_doctor_appointment_app-2918/admin/src/App.jsx from ingest queue
2025-09-27 09:44:44,536 - Knowledge - INFO - worker kw3 pull /app/data/kaviademo4200/2918/b124776/prescripto_full-stack_doctor_appointment_app-2918/admin/src/components/Navbar.jsx from ingest queue
2025-09-27 09:44:44,537 - Knowledge - INFO - adding /app/data/kaviademo4200/2918/b124776/prescripto_full-stack_doctor_appointment_app-2918/backend/models/appointmentModel.js to ingest queue
2025-09-27 09:44:44,654 - Knowledge - INFO - persist ingested knowledge for /app/data/kaviademo4200/2918/b124776/prescripto_full-stack_doctor_appointment_app-2918/backend/controllers/doctorController.js
2025-09-27 09:44:44,735 - Knowledge - INFO - persist ingested knowledge for /app/data/kaviademo4200/2918/b124776/prescripto_full-stack_doctor_appointment_app-2918/backend/controllers/userController.js
2025-09-27 09:44:44,958 - Knowledge - INFO - persist ingested knowledge for /app/data/kaviademo4200/2918/b124776/prescripto_full-stack_doctor_appointment_app-2918/admin/src/pages/Login.jsx
2025-09-27 09:44:45,122 - Knowledge - INFO - persist ingested knowledge for /app/data/kaviademo4200/2918/b124776/prescripto_full-stack_doctor_appointment_app-2918/admin/src/pages/Admin/AllAppointments.jsx
2025-09-27 09:44:45,463 - Knowledge - INFO - persist ingested knowledge for /app/data/kaviademo4200/2918/b124776/prescripto_full-stack_doctor_appointment_app-2918/admin/src/pages/Admin/DoctorsList.jsx
2025-09-27 09:44:45,694 - Knowledge - INFO - process ingested knowledge for /app/data/kaviademo4200/2918/b124776/prescripto_full-stack_doctor_appointment_app-2918/admin/src/App.jsx
2025-09-27 09:44:45,781 - Knowledge - INFO - process ingested knowledge for /app/data/kaviademo4200/2918/b124776/prescripto_full-stack_doctor_appointment_app-2918/admin/src/components/Navbar.jsx
2025-09-27 09:44:45,840 - Knowledge - INFO - worker kw8 pull /app/data/kaviademo4200/2918/b124776/prescripto_full-stack_doctor_appointment_app-2918/admin/src/components/Sidebar.jsx from ingest queue
2025-09-27 09:44:45,840 - Knowledge - INFO - Found code-base-name: https://github.com/kavia-common/prescripto_full-stack_doctor_appointment_app-2918.git:kavia-main
2025-09-27 09:44:45,895 - Knowledge - INFO - adding /app/data/kaviademo4200/2918/b124776/prescripto_full-stack_doctor_appointment_app-2918/backend/config/mongodb.js to ingest queue
2025-09-27 09:44:46,691 - Knowledge - INFO - process ingested knowledge for /app/data/kaviademo4200/2918/b124776/prescripto_full-stack_doctor_appointment_app-2918/admin/src/components/Sidebar.jsx
2025-09-27 09:44:46,754 - Knowledge - INFO - Found code_base: <app.utils.kg_build.knowledge.KnowledgeCodeBase object at 0x7f1064666890>
2025-09-27 09:44:46,857 - Knowledge - INFO - adding /app/data/kaviademo4200/2918/b124776/prescripto_full-stack_doctor_appointment_app-2918/backend/config/cloudinary.js to ingest queue
2025-09-27 09:44:47,068 - Knowledge - INFO - persist ingested knowledge for /app/data/kaviademo4200/2918/b124776/prescripto_full-stack_doctor_appointment_app-2918/admin/src/pages/Admin/Dashboard.jsx
2025-09-27 09:44:47,245 - Knowledge - INFO - adding /app/data/kaviademo4200/2918/b124776/prescripto_full-stack_doctor_appointment_app-2918/backend/middleware/multer.js to ingest queue
2025-09-27 09:44:47,396 - Knowledge - INFO - adding /app/data/kaviademo4200/2918/b124776/prescripto_full-stack_doctor_appointment_app-2918/backend/middleware/authUser.js to ingest queue
2025-09-27 09:44:47,523 - Knowledge - INFO - worker kw9 pull /app/data/kaviademo4200/2918/b124776/prescripto_full-stack_doctor_appointment_app-2918/admin/src/context/AdminContext.jsx from ingest queue
2025-09-27 09:44:47,525 - Knowledge - INFO - adding /app/data/kaviademo4200/2918/b124776/prescripto_full-stack_doctor_appointment_app-2918/frontend/package.json to ingest queue
2025-09-27 09:44:47,638 - Knowledge - INFO - process ingested knowledge for /app/data/kaviademo4200/2918/b124776/prescripto_full-stack_doctor_appointment_app-2918/admin/src/context/AdminContext.jsx
2025-09-27 09:44:47,716 - Knowledge - INFO - worker kw29 pull /app/data/kaviademo4200/2918/b124776/prescripto_full-stack_doctor_appointment_app-2918/admin/src/context/AppContext.jsx from ingest queue
2025-09-27 09:44:47,717 - Knowledge - INFO - adding /app/data/kaviademo4200/2918/b124776/prescripto_full-stack_doctor_appointment_app-2918/backend/routes/adminRoute.js to ingest queue
2025-09-27 09:44:47,934 - Knowledge - INFO - process ingested knowledge for /app/data/kaviademo4200/2918/b124776/prescripto_full-stack_doctor_appointment_app-2918/admin/src/context/AppContext.jsx
2025-09-27 09:44:47,982 - Knowledge - INFO - worker kw30 pull /app/data/kaviademo4200/2918/b124776/prescripto_full-stack_doctor_appointment_app-2918/admin/src/context/DoctorContext.jsx from ingest queue
2025-09-27 09:44:47,983 - Knowledge - INFO - worker kw20 pull /app/data/kaviademo4200/2918/b124776/prescripto_full-stack_doctor_appointment_app-2918/admin/src/assets/assets.js from ingest queue
2025-09-27 09:44:47,983 - Knowledge - INFO - Found code-base-name: https://github.com/kavia-common/prescripto_full-stack_doctor_appointment_app-2918.git:kavia-main
2025-09-27 09:44:47,984 - Knowledge - INFO - Found code-base-name: https://github.com/kavia-common/prescripto_full-stack_doctor_appointment_app-2918.git:kavia-main
2025-09-27 09:44:47,984 - Knowledge - INFO - Found code-base-name: https://github.com/kavia-common/prescripto_full-stack_doctor_appointment_app-2918.git:kavia-main
2025-09-27 09:44:47,984 - Knowledge - INFO - Found code-base-name: https://github.com/kavia-common/prescripto_full-stack_doctor_appointment_app-2918.git:kavia-main
2025-09-27 09:44:47,984 - Knowledge - INFO - worker kw10 pull /app/data/kaviademo4200/2918/b124776/prescripto_full-stack_doctor_appointment_app-2918/admin/src/index.css from ingest queue
2025-09-27 09:44:47,984 - Knowledge - INFO - worker kw13 pull /app/data/kaviademo4200/2918/b124776/prescripto_full-stack_doctor_appointment_app-2918/admin/package.json from ingest queue
2025-09-27 09:44:48,170 - Knowledge - INFO - Found code-base-name: https://github.com/kavia-common/prescripto_full-stack_doctor_appointment_app-2918.git:kavia-main
2025-09-27 09:44:48,170 - Knowledge - INFO - Found code-base-name: https://github.com/kavia-common/prescripto_full-stack_doctor_appointment_app-2918.git:kavia-main
2025-09-27 09:44:48,170 - Knowledge - INFO - worker kw5 pull /app/data/kaviademo4200/2918/b124776/prescripto_full-stack_doctor_appointment_app-2918/admin/postcss.config.js from ingest queue
2025-09-27 09:44:48,170 - Knowledge - INFO - Found code-base-name: https://github.com/kavia-common/prescripto_full-stack_doctor_appointment_app-2918.git:kavia-main
2025-09-27 09:44:48,170 - Knowledge - INFO - adding /app/data/kaviademo4200/2918/b124776/prescripto_full-stack_doctor_appointment_app-2918/backend/vercel.json to ingest queue
2025-09-27 09:44:48,235 - Knowledge - INFO - process ingested knowledge for /app/data/kaviademo4200/2918/b124776/prescripto_full-stack_doctor_appointment_app-2918/admin/src/context/DoctorContext.jsx
2025-09-27 09:44:48,332 - Knowledge - INFO - process ingested knowledge for /app/data/kaviademo4200/2918/b124776/prescripto_full-stack_doctor_appointment_app-2918/admin/src/assets/assets.js
2025-09-27 09:44:48,422 - Knowledge - INFO - Found code_base: <app.utils.kg_build.knowledge.KnowledgeCodeBase object at 0x7f1064666890>
2025-09-27 09:44:48,539 - Knowledge - INFO - Found code_base: <app.utils.kg_build.knowledge.KnowledgeCodeBase object at 0x7f1064666890>
2025-09-27 09:44:48,624 - Knowledge - INFO - Found code_base: <app.utils.kg_build.knowledge.KnowledgeCodeBase object at 0x7f1064666890>
2025-09-27 09:44:48,697 - Knowledge - INFO - Found code_base: <app.utils.kg_build.knowledge.KnowledgeCodeBase object at 0x7f1064666890>
2025-09-27 09:44:48,808 - Knowledge - INFO - process ingested knowledge for /app/data/kaviademo4200/2918/b124776/prescripto_full-stack_doctor_appointment_app-2918/admin/src/index.css
2025-09-27 09:44:48,899 - Knowledge - INFO - process ingested knowledge for /app/data/kaviademo4200/2918/b124776/prescripto_full-stack_doctor_appointment_app-2918/admin/package.json
2025-09-27 09:44:48,960 - Knowledge - INFO - Found code_base: <app.utils.kg_build.knowledge.KnowledgeCodeBase object at 0x7f1064666890>
2025-09-27 09:44:49,035 - Knowledge - INFO - Found code_base: <app.utils.kg_build.knowledge.KnowledgeCodeBase object at 0x7f1064666890>
2025-09-27 09:44:49,138 - Knowledge - INFO - process ingested knowledge for /app/data/kaviademo4200/2918/b124776/prescripto_full-stack_doctor_appointment_app-2918/admin/postcss.config.js
2025-09-27 09:44:49,231 - Knowledge - INFO - Found code_base: <app.utils.kg_build.knowledge.KnowledgeCodeBase object at 0x7f1064666890>
2025-09-27 09:44:49,359 - Knowledge - INFO - worker kw22 pull /app/data/kaviademo4200/2918/b124776/prescripto_full-stack_doctor_appointment_app-2918/admin/vercel.json from ingest queue
2025-09-27 09:44:49,359 - Knowledge - INFO - worker kw6 pull /app/data/kaviademo4200/2918/b124776/prescripto_full-stack_doctor_appointment_app-2918/admin/README.md from ingest queue
2025-09-27 09:44:49,359 - Knowledge - INFO - adding /app/data/kaviademo4200/2918/b124776/prescripto_full-stack_doctor_appointment_app-2918/backend/controllers/adminController.js to ingest queue
2025-09-27 09:44:49,594 - Knowledge - INFO - persist ingested knowledge for /app/data/kaviademo4200/2918/b124776/prescripto_full-stack_doctor_appointment_app-2918/admin/src/pages/Admin/AddDoctor.jsx
2025-09-27 09:44:49,714 - Knowledge - INFO - persist ingested knowledge for /app/data/kaviademo4200/2918/b124776/prescripto_full-stack_doctor_appointment_app-2918/admin/src/pages/Doctor/DoctorDashboard.jsx
2025-09-27 09:44:49,822 - Knowledge - INFO - persist ingested knowledge for /app/data/kaviademo4200/2918/b124776/prescripto_full-stack_doctor_appointment_app-2918/admin/src/pages/Doctor/DoctorProfile.jsx
2025-09-27 09:44:49,923 - Knowledge - INFO - persist ingested knowledge for /app/data/kaviademo4200/2918/b124776/prescripto_full-stack_doctor_appointment_app-2918/admin/src/main.jsx
2025-09-27 09:44:50,194 - Knowledge - INFO - persist ingested knowledge for /app/data/kaviademo4200/2918/b124776/prescripto_full-stack_doctor_appointment_app-2918/admin/src/App.jsx
2025-09-27 09:44:50,295 - Knowledge - INFO - persist ingested knowledge for /app/data/kaviademo4200/2918/b124776/prescripto_full-stack_doctor_appointment_app-2918/admin/src/components/Navbar.jsx
2025-09-27 09:44:50,489 - Knowledge - INFO - persist ingested knowledge for /app/data/kaviademo4200/2918/b124776/prescripto_full-stack_doctor_appointment_app-2918/admin/src/components/Sidebar.jsx
2025-09-27 09:44:50,654 - Knowledge - INFO - process ingested knowledge for /app/data/kaviademo4200/2918/b124776/prescripto_full-stack_doctor_appointment_app-2918/admin/vercel.json
2025-09-27 09:44:50,720 - Knowledge - INFO - process ingested knowledge for /app/data/kaviademo4200/2918/b124776/prescripto_full-stack_doctor_appointment_app-2918/admin/README.md
2025-09-27 09:44:50,840 - Knowledge - INFO - Found code-base-name: https://github.com/kavia-common/prescripto_full-stack_doctor_appointment_app-2918.git:kavia-main
2025-09-27 09:44:50,841 - Knowledge - INFO - worker kw21 pull /app/data/kaviademo4200/2918/b124776/prescripto_full-stack_doctor_appointment_app-2918/admin/tailwind.config.js from ingest queue
2025-09-27 09:44:50,842 - Knowledge - INFO - Found code-base-name: https://github.com/kavia-common/prescripto_full-stack_doctor_appointment_app-2918.git:kavia-main
2025-09-27 09:44:50,895 - Knowledge - INFO - adding /app/data/kaviademo4200/2918/b124776/prescripto_full-stack_doctor_appointment_app-2918/backend/controllers/doctorController.js to ingest queue
2025-09-27 09:44:51,818 - Knowledge - INFO - Found code_base: <app.utils.kg_build.knowledge.KnowledgeCodeBase object at 0x7f1064666890>
2025-09-27 09:44:51,945 - Knowledge - INFO - process ingested knowledge for /app/data/kaviademo4200/2918/b124776/prescripto_full-stack_doctor_appointment_app-2918/admin/tailwind.config.js
2025-09-27 09:44:52,003 - Knowledge - INFO - Found code_base: <app.utils.kg_build.knowledge.KnowledgeCodeBase object at 0x7f1064666890>
2025-09-27 09:44:52,081 - Knowledge - INFO - adding /app/data/kaviademo4200/2918/b124776/prescripto_full-stack_doctor_appointment_app-2918/admin/src/pages/Login.jsx to ingest queue
2025-09-27 09:44:52,204 - Knowledge - INFO - persist ingested knowledge for /app/data/kaviademo4200/2918/b124776/prescripto_full-stack_doctor_appointment_app-2918/admin/src/context/AdminContext.jsx
2025-09-27 09:44:52,421 - Knowledge - INFO - persist ingested knowledge for /app/data/kaviademo4200/2918/b124776/prescripto_full-stack_doctor_appointment_app-2918/admin/src/pages/Doctor/DoctorAppointments.jsx
2025-09-27 09:44:52,521 - Knowledge - INFO - Found code-base-name: https://github.com/kavia-common/prescripto_full-stack_doctor_appointment_app-2918.git:kavia-main
2025-09-27 09:44:52,523 - Knowledge - INFO - adding /app/data/kaviademo4200/2918/b124776/prescripto_full-stack_doctor_appointment_app-2918/admin/src/pages/Admin/AllAppointments.jsx to ingest queue
2025-09-27 09:44:52,824 - Knowledge - INFO - Found code_base: <app.utils.kg_build.knowledge.KnowledgeCodeBase object at 0x7f1064666890>
2025-09-27 09:44:52,904 - Knowledge - INFO - adding /app/data/kaviademo4200/2918/b124776/prescripto_full-stack_doctor_appointment_app-2918/admin/src/pages/Admin/DoctorsList.jsx to ingest queue
2025-09-27 09:44:52,987 - Knowledge - INFO - persist ingested knowledge for /app/data/kaviademo4200/2918/b124776/prescripto_full-stack_doctor_appointment_app-2918/admin/src/context/AppContext.jsx
2025-09-27 09:44:53,082 - Knowledge - INFO - worker kw12 pull /app/data/kaviademo4200/2918/b124776/prescripto_full-stack_doctor_appointment_app-2918/admin/index.html from ingest queue
2025-09-27 09:44:53,082 - Knowledge - INFO - worker kw24 pull /app/data/kaviademo4200/2918/b124776/prescripto_full-stack_doctor_appointment_app-2918/admin/vite.config.js from ingest queue
2025-09-27 09:44:53,083 - Knowledge - INFO - adding /app/data/kaviademo4200/2918/b124776/prescripto_full-stack_doctor_appointment_app-2918/admin/src/pages/Admin/Dashboard.jsx to ingest queue
2025-09-27 09:44:53,278 - Knowledge - INFO - process ingested knowledge for /app/data/kaviademo4200/2918/b124776/prescripto_full-stack_doctor_appointment_app-2918/admin/index.html
2025-09-27 09:44:53,361 - Knowledge - INFO - process ingested knowledge for /app/data/kaviademo4200/2918/b124776/prescripto_full-stack_doctor_appointment_app-2918/admin/vite.config.js
2025-09-27 09:44:53,449 - Knowledge - INFO - Found code-base-name: https://github.com/kavia-common/prescripto_full-stack_doctor_appointment_app-2918.git:kavia-main
2025-09-27 09:44:53,449 - Knowledge - INFO - Found code-base-name: https://github.com/kavia-common/prescripto_full-stack_doctor_appointment_app-2918.git:kavia-main
2025-09-27 09:44:53,450 - Knowledge - INFO - Found code-base-name: https://github.com/kavia-common/prescripto_full-stack_doctor_appointment_app-2918.git:kavia-main
2025-09-27 09:44:53,450 - Knowledge - INFO - Found code-base-name: https://github.com/kavia-common/prescripto_full-stack_doctor_appointment_app-2918.git:kavia-main
2025-09-27 09:44:53,450 - Knowledge - INFO - Found code-base-name: https://github.com/kavia-common/prescripto_full-stack_doctor_appointment_app-2918.git:kavia-main
2025-09-27 09:44:53,450 - Knowledge - INFO - worker kw23 pull /app/data/kaviademo4200/2918/b124776/prescripto_full-stack_doctor_appointment_app-2918/README.md from ingest queue
2025-09-27 09:44:53,450 - Knowledge - INFO - adding /app/data/kaviademo4200/2918/b124776/prescripto_full-stack_doctor_appointment_app-2918/backend/middleware/authDoctor.js to ingest queue
2025-09-27 09:44:53,675 - Knowledge - INFO - Found code_base: <app.utils.kg_build.knowledge.KnowledgeCodeBase object at 0x7f1064666890>
2025-09-27 09:44:53,754 - Knowledge - INFO - Found code_base: <app.utils.kg_build.knowledge.KnowledgeCodeBase object at 0x7f1064666890>
2025-09-27 09:44:53,842 - Knowledge - INFO - Found code_base: <app.utils.kg_build.knowledge.KnowledgeCodeBase object at 0x7f1064666890>
2025-09-27 09:44:53,948 - Knowledge - INFO - Found code_base: <app.utils.kg_build.knowledge.KnowledgeCodeBase object at 0x7f1064666890>
2025-09-27 09:44:54,065 - Knowledge - INFO - Found code_base: <app.utils.kg_build.knowledge.KnowledgeCodeBase object at 0x7f1064666890>
2025-09-27 09:44:54,730 - Knowledge - INFO - persist ingested knowledge for /app/data/kaviademo4200/2918/b124776/prescripto_full-stack_doctor_appointment_app-2918/admin/postcss.config.js
2025-09-27 09:44:54,241 - Knowledge - INFO - worker kw11 pull /app/data/kaviademo4200/2918/b124776/prescripto_full-stack_doctor_appointment_app-2918/frontend/src/pages/Verify.jsx from ingest queue
2025-09-27 09:44:54,322 - Knowledge - INFO - persist ingested knowledge for /app/data/kaviademo4200/2918/b124776/prescripto_full-stack_doctor_appointment_app-2918/admin/src/context/DoctorContext.jsx
2025-09-27 09:44:54,409 - Knowledge - INFO - persist ingested knowledge for /app/data/kaviademo4200/2918/b124776/prescripto_full-stack_doctor_appointment_app-2918/admin/src/assets/assets.js
2025-09-27 09:44:54,493 - Knowledge - INFO - Found code-base-name: https://github.com/kavia-common/prescripto_full-stack_doctor_appointment_app-2918.git:kavia-main
2025-09-27 09:44:54,493 - Knowledge - INFO - adding /app/data/kaviademo4200/2918/b124776/prescripto_full-stack_doctor_appointment_app-2918/admin/src/components/Sidebar.jsx to ingest queue
2025-09-27 09:44:54,510 - Knowledge - INFO - persist ingested knowledge for /app/data/kaviademo4200/2918/b124776/prescripto_full-stack_doctor_appointment_app-2918/admin/src/index.css
2025-09-27 09:44:54,636 - Knowledge - INFO - persist ingested knowledge for /app/data/kaviademo4200/2918/b124776/prescripto_full-stack_doctor_appointment_app-2918/admin/package.json
2025-09-27 09:44:54,182 - Knowledge - INFO - process ingested knowledge for /app/data/kaviademo4200/2918/b124776/prescripto_full-stack_doctor_appointment_app-2918/README.md
2025-09-27 09:44:54,895 - Knowledge - INFO - Thread kw11 - File Verify.jsx - Remaining files in queue: 47
2025-09-27 09:44:55,137 - Knowledge - INFO - Found code_base: <app.utils.kg_build.knowledge.KnowledgeCodeBase object at 0x7f1064666890>
2025-09-27 09:44:55,214 - Knowledge - INFO - worker kw14 pull /app/data/kaviademo4200/2918/b124776/prescripto_full-stack_doctor_appointment_app-2918/frontend/src/pages/Login.jsx from ingest queue
2025-09-27 09:44:55,215 - Knowledge - INFO - Found code-base-name: https://github.com/kavia-common/prescripto_full-stack_doctor_appointment_app-2918.git:kavia-main
2025-09-27 09:44:55,312 - Knowledge - INFO - worker kw7 pull /app/data/kaviademo4200/2918/b124776/prescripto_full-stack_doctor_appointment_app-2918/frontend/src/pages/Home.jsx from ingest queue
2025-09-27 09:44:55,312 - Knowledge - INFO - adding /app/data/kaviademo4200/2918/b124776/prescripto_full-stack_doctor_appointment_app-2918/backend/middleware/authAdmin.js to ingest queue
2025-09-27 09:44:55,562 - Knowledge - INFO - start ingest for /app/data/kaviademo4200/2918/b124776/prescripto_full-stack_doctor_appointment_app-2918/frontend/src/pages/Verify.jsx
2025-09-27 09:44:55,653 - Knowledge - INFO - persist ingested knowledge for /app/data/kaviademo4200/2918/b124776/prescripto_full-stack_doctor_appointment_app-2918/admin/vercel.json
2025-09-27 09:44:55,759 - Knowledge - INFO - Thread kw14 - File Login.jsx - Remaining files in queue: 46
2025-09-27 09:44:55,865 - Knowledge - INFO - Found code_base: <app.utils.kg_build.knowledge.KnowledgeCodeBase object at 0x7f1064666890>
2025-09-27 09:44:55,961 - Knowledge - INFO - Thread kw7 - File Home.jsx - Remaining files in queue: 46
2025-09-27 09:44:56,063 - Knowledge - INFO - worker kw26 pull /app/data/kaviademo4200/2918/b124776/prescripto_full-stack_doctor_appointment_app-2918/frontend/src/pages/Appointment.jsx from ingest queue
2025-09-27 09:44:56,112 - Knowledge - INFO - adding /app/data/kaviademo4200/2918/b124776/prescripto_full-stack_doctor_appointment_app-2918/backend/controllers/userController.js to ingest queue
2025-09-27 09:44:56,377 - Knowledge - INFO - start ingest for /app/data/kaviademo4200/2918/b124776/prescripto_full-stack_doctor_appointment_app-2918/frontend/src/pages/Login.jsx
2025-09-27 09:44:56,457 - Knowledge - INFO - persist ingested knowledge for /app/data/kaviademo4200/2918/b124776/prescripto_full-stack_doctor_appointment_app-2918/admin/tailwind.config.js
2025-09-27 09:44:56,553 - Knowledge - INFO - start ingest for /app/data/kaviademo4200/2918/b124776/prescripto_full-stack_doctor_appointment_app-2918/frontend/src/pages/Home.jsx
2025-09-27 09:44:56,645 - Knowledge - INFO - Thread kw26 - File Appointment.jsx - Remaining files in queue: 46
2025-09-27 09:44:56,764 - Knowledge - INFO - Found code-base-name: https://github.com/kavia-common/prescripto_full-stack_doctor_appointment_app-2918.git:kavia-main
2025-09-27 09:44:56,765 - Knowledge - INFO - Found code-base-name: https://github.com/kavia-common/prescripto_full-stack_doctor_appointment_app-2918.git:kavia-main
2025-09-27 09:44:57,357 - Knowledge - INFO - Found code_base: <app.utils.kg_build.knowledge.KnowledgeCodeBase object at 0x7f1064666890>
2025-09-27 09:44:57,060 - Knowledge - INFO - Fast-track processing for simple file: /app/data/kaviademo4200/2918/b124776/prescripto_full-stack_doctor_appointment_app-2918/frontend/src/pages/Home.jsx
2025-09-27 09:44:57,174 - Knowledge - INFO - start ingest for /app/data/kaviademo4200/2918/b124776/prescripto_full-stack_doctor_appointment_app-2918/frontend/src/pages/Appointment.jsx
2025-09-27 09:44:57,249 - Knowledge - INFO - Found code_base: <app.utils.kg_build.knowledge.KnowledgeCodeBase object at 0x7f1064666890>
2025-09-27 09:44:56,865 - Knowledge - INFO - adding /app/data/kaviademo4200/2918/b124776/prescripto_full-stack_doctor_appointment_app-2918/admin/src/pages/Doctor/DoctorDashboard.jsx to ingest queue
2025-09-27 09:44:57,481 - Knowledge - INFO - persist ingested knowledge for /app/data/kaviademo4200/2918/b124776/prescripto_full-stack_doctor_appointment_app-2918/admin/vite.config.js
2025-09-27 09:44:57,588 - Knowledge - INFO - done fast ingest for /app/data/kaviademo4200/2918/b124776/prescripto_full-stack_doctor_appointment_app-2918/frontend/src/pages/Home.jsx
2025-09-27 09:44:57,786 - Knowledge - INFO - persist ingested knowledge for /app/data/kaviademo4200/2918/b124776/prescripto_full-stack_doctor_appointment_app-2918/admin/index.html
2025-09-27 09:44:57,914 - Knowledge - INFO - worker kw18 pull /app/data/kaviademo4200/2918/b124776/prescripto_full-stack_doctor_appointment_app-2918/frontend/src/pages/MyProfile.jsx from ingest queue
2025-09-27 09:44:57,914 - Knowledge - INFO - adding /app/data/kaviademo4200/2918/b124776/prescripto_full-stack_doctor_appointment_app-2918/admin/src/main.jsx to ingest queue
2025-09-27 09:44:58,157 - Knowledge - INFO - process ingested knowledge for /app/data/kaviademo4200/2918/b124776/prescripto_full-stack_doctor_appointment_app-2918/frontend/src/pages/Home.jsx
2025-09-27 09:44:58,335 - Knowledge - INFO - Thread kw18 - File MyProfile.jsx - Remaining files in queue: 47
2025-09-27 09:44:58,431 - Knowledge - INFO - Found code-base-name: https://github.com/kavia-common/prescripto_full-stack_doctor_appointment_app-2918.git:kavia-main
2025-09-27 09:44:58,609 - Knowledge - INFO - worker kw1 pull /app/data/kaviademo4200/2918/b124776/prescripto_full-stack_doctor_appointment_app-2918/frontend/src/pages/About.jsx from ingest queue
2025-09-27 09:44:58,609 - Knowledge - INFO - adding /app/data/kaviademo4200/2918/b124776/prescripto_full-stack_doctor_appointment_app-2918/admin/src/context/AdminContext.jsx to ingest queue
2025-09-27 09:44:58,644 - Knowledge - INFO - start ingest for /app/data/kaviademo4200/2918/b124776/prescripto_full-stack_doctor_appointment_app-2918/frontend/src/pages/MyProfile.jsx
2025-09-27 09:44:58,732 - Knowledge - INFO - Found code_base: <app.utils.kg_build.knowledge.KnowledgeCodeBase object at 0x7f1064666890>
2025-09-27 09:44:58,827 - Knowledge - INFO - Thread kw1 - File About.jsx - Remaining files in queue: 47
2025-09-27 09:44:59,030 - Knowledge - INFO - worker kw2 pull /app/data/kaviademo4200/2918/b124776/prescripto_full-stack_doctor_appointment_app-2918/frontend/src/pages/Doctors.jsx from ingest queue
2025-09-27 09:44:59,031 - Knowledge - INFO - adding /app/data/kaviademo4200/2918/b124776/prescripto_full-stack_doctor_appointment_app-2918/admin/src/pages/Doctor/DoctorAppointments.jsx to ingest queue
2025-09-27 09:44:59,128 - Knowledge - INFO - persist ingested knowledge for /app/data/kaviademo4200/2918/b124776/prescripto_full-stack_doctor_appointment_app-2918/admin/README.md
2025-09-27 09:44:59,209 - Knowledge - INFO - start ingest for /app/data/kaviademo4200/2918/b124776/prescripto_full-stack_doctor_appointment_app-2918/frontend/src/pages/About.jsx
2025-09-27 09:44:59,292 - Knowledge - INFO - Thread kw2 - File Doctors.jsx - Remaining files in queue: 47
2025-09-27 09:44:59,391 - Knowledge - INFO - Found code-base-name: https://github.com/kavia-common/prescripto_full-stack_doctor_appointment_app-2918.git:kavia-main
2025-09-27 09:44:59,393 - Knowledge - INFO - worker kw15 pull /app/data/kaviademo4200/2918/b124776/prescripto_full-stack_doctor_appointment_app-2918/frontend/src/pages/Contact.jsx from ingest queue
2025-09-27 09:44:59,393 - Knowledge - INFO - adding /app/data/kaviademo4200/2918/b124776/prescripto_full-stack_doctor_appointment_app-2918/admin/src/context/AppContext.jsx to ingest queue
2025-09-27 09:44:59,697 - Knowledge - INFO - start ingest for /app/data/kaviademo4200/2918/b124776/prescripto_full-stack_doctor_appointment_app-2918/frontend/src/pages/Doctors.jsx
2025-09-27 09:44:59,798 - Knowledge - INFO - Found code_base: <app.utils.kg_build.knowledge.KnowledgeCodeBase object at 0x7f1064666890>
2025-09-27 09:44:59,918 - Knowledge - INFO - Thread kw15 - File Contact.jsx - Remaining files in queue: 47
2025-09-27 09:45:00,186 - Knowledge - INFO - worker kw25 pull /app/data/kaviademo4200/2918/b124776/prescripto_full-stack_doctor_appointment_app-2918/frontend/src/pages/MyAppointments.jsx from ingest queue
2025-09-27 09:45:00,196 - Knowledge - INFO - adding /app/data/kaviademo4200/2918/b124776/prescripto_full-stack_doctor_appointment_app-2918/admin/src/pages/Doctor/DoctorProfile.jsx to ingest queue
2025-09-27 09:45:00,206 - Knowledge - INFO - done ingest for /app/data/kaviademo4200/2918/b124776/prescripto_full-stack_doctor_appointment_app-2918/frontend/src/pages/Verify.jsx
2025-09-27 09:45:00,260 - Knowledge - INFO - persist ingested knowledge for /app/data/kaviademo4200/2918/b124776/prescripto_full-stack_doctor_appointment_app-2918/README.md
2025-09-27 09:45:00,373 - Knowledge - INFO - start ingest for /app/data/kaviademo4200/2918/b124776/prescripto_full-stack_doctor_appointment_app-2918/frontend/src/pages/Contact.jsx
2025-09-27 09:45:00,494 - Knowledge - INFO - Thread kw25 - File MyAppointments.jsx - Remaining files in queue: 47
2025-09-27 09:45:00,687 - Knowledge - INFO - adding /app/data/kaviademo4200/2918/b124776/prescripto_full-stack_doctor_appointment_app-2918/admin/src/components/Navbar.jsx to ingest queue
2025-09-27 09:45:00,734 - Knowledge - INFO - process ingested knowledge for /app/data/kaviademo4200/2918/b124776/prescripto_full-stack_doctor_appointment_app-2918/frontend/src/pages/Verify.jsx
2025-09-27 09:45:00,960 - Knowledge - INFO - start ingest for /app/data/kaviademo4200/2918/b124776/prescripto_full-stack_doctor_appointment_app-2918/frontend/src/pages/MyAppointments.jsx
2025-09-27 09:45:01,069 - Knowledge - INFO - adding /app/data/kaviademo4200/2918/b124776/prescripto_full-stack_doctor_appointment_app-2918/admin/src/App.jsx to ingest queue
2025-09-27 09:45:01,555 - Knowledge - INFO - done ingest for /app/data/kaviademo4200/2918/b124776/prescripto_full-stack_doctor_appointment_app-2918/frontend/src/pages/Login.jsx
2025-09-27 09:45:01,663 - Knowledge - INFO - process ingested knowledge for /app/data/kaviademo4200/2918/b124776/prescripto_full-stack_doctor_appointment_app-2918/frontend/src/pages/Login.jsx
2025-09-27 09:45:01,683 - Knowledge - INFO - worker kw19 pull /app/data/kaviademo4200/2918/b124776/prescripto_full-stack_doctor_appointment_app-2918/frontend/src/main.jsx from ingest queue
2025-09-27 09:45:01,683 - Knowledge - INFO - adding /app/data/kaviademo4200/2918/b124776/prescripto_full-stack_doctor_appointment_app-2918/admin/postcss.config.js to ingest queue
2025-09-27 09:45:01,831 - Knowledge - INFO - Thread kw19 - File main.jsx - Remaining files in queue: 49
2025-09-27 09:45:01,920 - Knowledge - INFO - adding /app/data/kaviademo4200/2918/b124776/prescripto_full-stack_doctor_appointment_app-2918/admin/src/context/DoctorContext.jsx to ingest queue
2025-09-27 09:45:02,023 - Knowledge - INFO - start ingest for /app/data/kaviademo4200/2918/b124776/prescripto_full-stack_doctor_appointment_app-2918/frontend/src/main.jsx
2025-09-27 09:45:02,140 - Knowledge - INFO - worker kw8 pull /app/data/kaviademo4200/2918/b124776/prescripto_full-stack_doctor_appointment_app-2918/frontend/src/components/TopDoctors.jsx from ingest queue
2025-09-27 09:45:02,145 - Knowledge - INFO - worker kw9 pull /app/data/kaviademo4200/2918/b124776/prescripto_full-stack_doctor_appointment_app-2918/frontend/src/components/Header.jsx from ingest queue
2025-09-27 09:45:02,146 - Knowledge - INFO - adding /app/data/kaviademo4200/2918/b124776/prescripto_full-stack_doctor_appointment_app-2918/admin/src/index.css to ingest queue
2025-09-27 09:45:02,257 - Knowledge - INFO - Fast-track processing for simple file: /app/data/kaviademo4200/2918/b124776/prescripto_full-stack_doctor_appointment_app-2918/frontend/src/main.jsx
2025-09-27 09:45:02,341 - Knowledge - INFO - Thread kw8 - File TopDoctors.jsx - Remaining files in queue: 49
2025-09-27 09:45:02,431 - Knowledge - INFO - Thread kw9 - File Header.jsx - Remaining files in queue: 49
2025-09-27 09:45:02,519 - Knowledge - INFO - worker kw17 pull /app/data/kaviademo4200/2918/b124776/prescripto_full-stack_doctor_appointment_app-2918/frontend/src/components/Footer.jsx from ingest queue
2025-09-27 09:45:02,520 - Knowledge - INFO - worker kw16 pull /app/data/kaviademo4200/2918/b124776/prescripto_full-stack_doctor_appointment_app-2918/frontend/src/App.jsx from ingest queue
2025-09-27 09:45:02,521 - Knowledge - INFO - worker kw29 pull /app/data/kaviademo4200/2918/b124776/prescripto_full-stack_doctor_appointment_app-2918/frontend/src/context/AppContext.jsx from ingest queue
2025-09-27 09:45:02,528 - Knowledge - INFO - adding /app/data/kaviademo4200/2918/b124776/prescripto_full-stack_doctor_appointment_app-2918/admin/vercel.json to ingest queue
2025-09-27 09:45:02,609 - Knowledge - INFO - done fast ingest for /app/data/kaviademo4200/2918/b124776/prescripto_full-stack_doctor_appointment_app-2918/frontend/src/main.jsx
2025-09-27 09:45:02,732 - Knowledge - INFO - start ingest for /app/data/kaviademo4200/2918/b124776/prescripto_full-stack_doctor_appointment_app-2918/frontend/src/components/TopDoctors.jsx
2025-09-27 09:45:02,842 - Knowledge - INFO - start ingest for /app/data/kaviademo4200/2918/b124776/prescripto_full-stack_doctor_appointment_app-2918/frontend/src/components/Header.jsx
2025-09-27 09:45:02,947 - Knowledge - INFO - done ingest for /app/data/kaviademo4200/2918/b124776/prescripto_full-stack_doctor_appointment_app-2918/frontend/src/pages/Appointment.jsx
2025-09-27 09:45:03,011 - Knowledge - INFO - Thread kw17 - File Footer.jsx - Remaining files in queue: 47
2025-09-27 09:45:03,135 - Knowledge - INFO - Thread kw16 - File App.jsx - Remaining files in queue: 47
2025-09-27 09:45:03,253 - Knowledge - INFO - Thread kw29 - File AppContext.jsx - Remaining files in queue: 47
2025-09-27 09:45:03,382 - Knowledge - INFO - adding /app/data/kaviademo4200/2918/b124776/prescripto_full-stack_doctor_appointment_app-2918/admin/tailwind.config.js to ingest queue
2025-09-27 09:45:03,573 - Knowledge - INFO - process ingested knowledge for /app/data/kaviademo4200/2918/b124776/prescripto_full-stack_doctor_appointment_app-2918/frontend/src/main.jsx
2025-09-27 09:45:03,815 - Knowledge - INFO - done ingest for /app/data/kaviademo4200/2918/b124776/prescripto_full-stack_doctor_appointment_app-2918/frontend/src/pages/MyProfile.jsx
2025-09-27 09:45:03,844 - Knowledge - INFO - done ingest for /app/data/kaviademo4200/2918/b124776/prescripto_full-stack_doctor_appointment_app-2918/frontend/src/pages/About.jsx
2025-09-27 09:45:03,865 - Knowledge - INFO - process ingested knowledge for /app/data/kaviademo4200/2918/b124776/prescripto_full-stack_doctor_appointment_app-2918/frontend/src/pages/Appointment.jsx
2025-09-27 09:45:03,932 - Knowledge - INFO - start ingest for /app/data/kaviademo4200/2918/b124776/prescripto_full-stack_doctor_appointment_app-2918/frontend/src/components/Footer.jsx
2025-09-27 09:45:04,019 - Knowledge - INFO - start ingest for /app/data/kaviademo4200/2918/b124776/prescripto_full-stack_doctor_appointment_app-2918/frontend/src/App.jsx
2025-09-27 09:45:04,109 - Knowledge - INFO - start ingest for /app/data/kaviademo4200/2918/b124776/prescripto_full-stack_doctor_appointment_app-2918/frontend/src/context/AppContext.jsx
2025-09-27 09:45:04,229 - Knowledge - INFO - worker kw21 pull /app/data/kaviademo4200/2918/b124776/prescripto_full-stack_doctor_appointment_app-2918/frontend/src/components/Banner.jsx from ingest queue
2025-09-27 09:45:04,230 - Knowledge - INFO - worker kw3 pull /app/data/kaviademo4200/2918/b124776/prescripto_full-stack_doctor_appointment_app-2918/frontend/src/components/Navbar.jsx from ingest queue
2025-09-27 09:45:04,231 - Knowledge - INFO - worker kw4 pull /app/data/kaviademo4200/2918/b124776/prescripto_full-stack_doctor_appointment_app-2918/frontend/src/components/RelatedDoctors.jsx from ingest queue
2025-09-27 09:45:04,231 - Knowledge - INFO - adding /app/data/kaviademo4200/2918/b124776/prescripto_full-stack_doctor_appointment_app-2918/admin/index.html to ingest queue
2025-09-27 09:45:04,523 - Knowledge - INFO - process ingested knowledge for /app/data/kaviademo4200/2918/b124776/prescripto_full-stack_doctor_appointment_app-2918/frontend/src/pages/MyProfile.jsx
2025-09-27 09:45:04,599 - Knowledge - INFO - process ingested knowledge for /app/data/kaviademo4200/2918/b124776/prescripto_full-stack_doctor_appointment_app-2918/frontend/src/pages/About.jsx
2025-09-27 09:45:05,022 - Knowledge - INFO - Thread kw21 - File Banner.jsx - Remaining files in queue: 46
2025-09-27 09:45:05,095 - Knowledge - INFO - Thread kw3 - File Navbar.jsx - Remaining files in queue: 46
2025-09-27 09:45:05,191 - Knowledge - INFO - Thread kw4 - File RelatedDoctors.jsx - Remaining files in queue: 46
2025-09-27 09:45:05,299 - Knowledge - INFO - Found code-base-name: https://github.com/kavia-common/prescripto_full-stack_doctor_appointment_app-2918.git:kavia-main
2025-09-27 09:45:05,304 - Knowledge - INFO - worker kw5 pull /app/data/kaviademo4200/2918/b124776/prescripto_full-stack_doctor_appointment_app-2918/frontend/src/components/SpecialityMenu.jsx from ingest queue
2025-09-27 09:45:05,378 - Knowledge - INFO - worker kw30 pull /app/data/kaviademo4200/2918/b124776/prescripto_full-stack_doctor_appointment_app-2918/frontend/src/assets/assets.js from ingest queue
2025-09-27 09:45:05,427 - Knowledge - INFO - adding /app/data/kaviademo4200/2918/b124776/prescripto_full-stack_doctor_appointment_app-2918/admin/src/pages/Admin/AddDoctor.jsx to ingest queue
2025-09-27 09:45:05,647 - Knowledge - INFO - start ingest for /app/data/kaviademo4200/2918/b124776/prescripto_full-stack_doctor_appointment_app-2918/frontend/src/components/Banner.jsx
2025-09-27 09:45:05,799 - Knowledge - INFO - start ingest for /app/data/kaviademo4200/2918/b124776/prescripto_full-stack_doctor_appointment_app-2918/frontend/src/components/Navbar.jsx
2025-09-27 09:45:05,977 - Knowledge - INFO - start ingest for /app/data/kaviademo4200/2918/b124776/prescripto_full-stack_doctor_appointment_app-2918/frontend/src/components/RelatedDoctors.jsx
2025-09-27 09:45:06,109 - Knowledge - INFO - Found code_base: <app.utils.kg_build.knowledge.KnowledgeCodeBase object at 0x7f1064666890>
2025-09-27 09:45:06,224 - Knowledge - INFO - Thread kw5 - File SpecialityMenu.jsx - Remaining files in queue: 45
2025-09-27 09:45:06,368 - Knowledge - INFO - Thread kw30 - File assets.js - Remaining files in queue: 45
2025-09-27 09:45:06,542 - Knowledge - INFO - worker kw28 pull /app/data/kaviademo4200/2918/b124776/prescripto_full-stack_doctor_appointment_app-2918/frontend/src/index.css from ingest queue
2025-09-27 09:45:06,547 - Knowledge - INFO - Found code-base-name: https://github.com/kavia-common/prescripto_full-stack_doctor_appointment_app-2918.git:kavia-main
2025-09-27 09:45:06,548 - Knowledge - INFO - adding /app/data/kaviademo4200/2918/b124776/prescripto_full-stack_doctor_appointment_app-2918/admin/vite.config.js to ingest queue
2025-09-27 09:45:06,554 - Knowledge - INFO - done ingest for /app/data/kaviademo4200/2918/b124776/prescripto_full-stack_doctor_appointment_app-2918/frontend/src/pages/Contact.jsx
2025-09-27 09:45:06,722 - Knowledge - INFO - done ingest for /app/data/kaviademo4200/2918/b124776/prescripto_full-stack_doctor_appointment_app-2918/frontend/src/pages/Doctors.jsx
2025-09-27 09:45:07,022 - Knowledge - INFO - persist ingested knowledge for /app/data/kaviademo4200/2918/b124776/prescripto_full-stack_doctor_appointment_app-2918/frontend/src/pages/Login.jsx
2025-09-27 09:45:07,114 - Knowledge - INFO - start ingest for /app/data/kaviademo4200/2918/b124776/prescripto_full-stack_doctor_appointment_app-2918/frontend/src/components/SpecialityMenu.jsx
2025-09-27 09:45:07,212 - Knowledge - INFO - start ingest for /app/data/kaviademo4200/2918/b124776/prescripto_full-stack_doctor_appointment_app-2918/frontend/src/assets/assets.js
2025-09-27 09:45:07,350 - Knowledge - INFO - Thread kw28 - File index.css - Remaining files in queue: 45
2025-09-27 09:45:07,423 - Knowledge - INFO - Found code_base: <app.utils.kg_build.knowledge.KnowledgeCodeBase object at 0x7f1064666890>
2025-09-27 09:45:07,515 - Knowledge - INFO - Found code-base-name: https://github.com/kavia-common/prescripto_full-stack_doctor_appointment_app-2918.git:kavia-main
2025-09-27 09:45:07,592 - Knowledge - INFO - Found code-base-name: https://github.com/kavia-common/prescripto_full-stack_doctor_appointment_app-2918.git:kavia-main
2025-09-27 09:45:07,592 - Knowledge - INFO - Found code-base-name: https://github.com/kavia-common/prescripto_full-stack_doctor_appointment_app-2918.git:kavia-main
2025-09-27 09:45:08,504 - Knowledge - INFO - Found code_base: <app.utils.kg_build.knowledge.KnowledgeCodeBase object at 0x7f1064666890>
2025-09-27 09:45:07,592 - Knowledge - INFO - worker kw10 pull /app/data/kaviademo4200/2918/b124776/prescripto_full-stack_doctor_appointment_app-2918/frontend/postcss.config.js from ingest queue
2025-09-27 09:45:07,592 - Knowledge - INFO - adding /app/data/kaviademo4200/2918/b124776/prescripto_full-stack_doctor_appointment_app-2918/admin/package.json to ingest queue
2025-09-27 09:45:07,618 - Knowledge - INFO - process ingested knowledge for /app/data/kaviademo4200/2918/b124776/prescripto_full-stack_doctor_appointment_app-2918/frontend/src/pages/Contact.jsx
2025-09-27 09:45:07,747 - Knowledge - INFO - process ingested knowledge for /app/data/kaviademo4200/2918/b124776/prescripto_full-stack_doctor_appointment_app-2918/frontend/src/pages/Doctors.jsx
2025-09-27 09:45:08,093 - Knowledge - INFO - start ingest for /app/data/kaviademo4200/2918/b124776/prescripto_full-stack_doctor_appointment_app-2918/frontend/src/index.css
2025-09-27 09:45:08,209 - Knowledge - INFO - persist ingested knowledge for /app/data/kaviademo4200/2918/b124776/prescripto_full-stack_doctor_appointment_app-2918/frontend/src/pages/Verify.jsx
2025-09-27 09:45:08,294 - Knowledge - INFO - Found code_base: <app.utils.kg_build.knowledge.KnowledgeCodeBase object at 0x7f1064666890>
2025-09-27 09:45:08,385 - Knowledge - INFO - Found code_base: <app.utils.kg_build.knowledge.KnowledgeCodeBase object at 0x7f1064666890>
2025-09-27 09:45:07,592 - Knowledge - INFO - worker kw12 pull /app/data/kaviademo4200/2918/b124776/prescripto_full-stack_doctor_appointment_app-2918/frontend/vercel.json from ingest queue
2025-09-27 09:45:08,621 - Knowledge - INFO - persist ingested knowledge for /app/data/kaviademo4200/2918/b124776/prescripto_full-stack_doctor_appointment_app-2918/frontend/src/pages/Appointment.jsx
2025-09-27 09:45:08,682 - Knowledge - INFO - done ingest for /app/data/kaviademo4200/2918/b124776/prescripto_full-stack_doctor_appointment_app-2918/frontend/src/pages/MyAppointments.jsx
2025-09-27 09:45:08,745 - Knowledge - INFO - Thread kw10 - File postcss.config.js - Remaining files in queue: 44
2025-09-27 09:45:08,830 - Knowledge - INFO - adding /app/data/kaviademo4200/2918/b124776/prescripto_full-stack_doctor_appointment_app-2918/admin/README.md to ingest queue
2025-09-27 09:45:09,126 - Knowledge - INFO - Fast-track processing for simple file: /app/data/kaviademo4200/2918/b124776/prescripto_full-stack_doctor_appointment_app-2918/frontend/src/index.css
2025-09-27 09:45:09,306 - Knowledge - INFO - persist ingested knowledge for /app/data/kaviademo4200/2918/b124776/prescripto_full-stack_doctor_appointment_app-2918/frontend/src/pages/Home.jsx
2025-09-27 09:45:09,421 - Knowledge - INFO - persist ingested knowledge for /app/data/kaviademo4200/2918/b124776/prescripto_full-stack_doctor_appointment_app-2918/frontend/src/main.jsx
2025-09-27 09:45:09,515 - Knowledge - INFO - Thread kw12 - File vercel.json - Remaining files in queue: 45
2025-09-27 09:45:09,693 - Knowledge - INFO - process ingested knowledge for /app/data/kaviademo4200/2918/b124776/prescripto_full-stack_doctor_appointment_app-2918/frontend/src/pages/MyAppointments.jsx
2025-09-27 09:45:09,747 - Knowledge - INFO - start ingest for /app/data/kaviademo4200/2918/b124776/prescripto_full-stack_doctor_appointment_app-2918/frontend/postcss.config.js
2025-09-27 09:45:09,863 - Knowledge - INFO - Found code-base-name: https://github.com/kavia-common/prescripto_full-stack_doctor_appointment_app-2918.git:kavia-main
2025-09-27 09:45:09,864 - Knowledge - INFO - worker kw27 pull /app/data/kaviademo4200/2918/b124776/prescripto_full-stack_doctor_appointment_app-2918/frontend/README.md from ingest queue
2025-09-27 09:45:09,865 - Knowledge - INFO - worker kw22 pull /app/data/kaviademo4200/2918/b124776/prescripto_full-stack_doctor_appointment_app-2918/frontend/tailwind.config.js from ingest queue
2025-09-27 09:45:09,865 - Knowledge - INFO - adding /app/data/kaviademo4200/2918/b124776/prescripto_full-stack_doctor_appointment_app-2918/admin/src/assets/assets.js to ingest queue
2025-09-27 09:45:09,966 - Knowledge - INFO - done fast ingest for /app/data/kaviademo4200/2918/b124776/prescripto_full-stack_doctor_appointment_app-2918/frontend/src/index.css
2025-09-27 09:45:10,338 - Knowledge - INFO - start ingest for /app/data/kaviademo4200/2918/b124776/prescripto_full-stack_doctor_appointment_app-2918/frontend/vercel.json
2025-09-27 09:45:10,655 - Knowledge - INFO - Fast-track processing for simple file: /app/data/kaviademo4200/2918/b124776/prescripto_full-stack_doctor_appointment_app-2918/frontend/postcss.config.js
2025-09-27 09:45:11,322 - Knowledge - INFO - done fast ingest for /app/data/kaviademo4200/2918/b124776/prescripto_full-stack_doctor_appointment_app-2918/frontend/postcss.config.js
2025-09-27 09:45:10,841 - Knowledge - INFO - Thread kw27 - File README.md - Remaining files in queue: 44
2025-09-27 09:45:10,851 - Knowledge - INFO - done ingest for /app/data/kaviademo4200/2918/b124776/prescripto_full-stack_doctor_appointment_app-2918/frontend/src/components/Header.jsx
2025-09-27 09:45:10,930 - Knowledge - INFO - Thread kw22 - File tailwind.config.js - Remaining files in queue: 44
2025-09-27 09:45:11,030 - Knowledge - INFO - adding /app/data/kaviademo4200/2918/b124776/prescripto_full-stack_doctor_appointment_app-2918/README.md to ingest queue
2025-09-27 09:45:11,131 - Knowledge - INFO - process ingested knowledge for /app/data/kaviademo4200/2918/b124776/prescripto_full-stack_doctor_appointment_app-2918/frontend/src/index.css
2025-09-27 09:45:11,237 - Knowledge - INFO - Fast-track processing for simple file: /app/data/kaviademo4200/2918/b124776/prescripto_full-stack_doctor_appointment_app-2918/frontend/vercel.json
2025-09-27 09:45:10,727 - Knowledge - INFO - Found code_base: <app.utils.kg_build.knowledge.KnowledgeCodeBase object at 0x7f1064666890>
2025-09-27 09:45:11,454 - Knowledge - INFO - process ingested knowledge for /app/data/kaviademo4200/2918/b124776/prescripto_full-stack_doctor_appointment_app-2918/frontend/postcss.config.js
2025-09-27 09:45:11,526 - Knowledge - INFO - start ingest for /app/data/kaviademo4200/2918/b124776/prescripto_full-stack_doctor_appointment_app-2918/frontend/README.md
2025-09-27 09:45:11,630 - Knowledge - INFO - process ingested knowledge for /app/data/kaviademo4200/2918/b124776/prescripto_full-stack_doctor_appointment_app-2918/frontend/src/components/Header.jsx
2025-09-27 09:45:11,698 - Knowledge - INFO - start ingest for /app/data/kaviademo4200/2918/b124776/prescripto_full-stack_doctor_appointment_app-2918/frontend/tailwind.config.js
2025-09-27 09:45:11,994 - Knowledge - INFO - done fast ingest for /app/data/kaviademo4200/2918/b124776/prescripto_full-stack_doctor_appointment_app-2918/frontend/vercel.json
2025-09-27 09:45:12,086 - Knowledge - INFO - persist ingested knowledge for /app/data/kaviademo4200/2918/b124776/prescripto_full-stack_doctor_appointment_app-2918/frontend/src/pages/About.jsx
2025-09-27 09:45:12,305 - Knowledge - INFO - Fast-track processing for simple file: /app/data/kaviademo4200/2918/b124776/prescripto_full-stack_doctor_appointment_app-2918/frontend/README.md
2025-09-27 09:45:12,493 - Knowledge - INFO - Fast-track processing for simple file: /app/data/kaviademo4200/2918/b124776/prescripto_full-stack_doctor_appointment_app-2918/frontend/tailwind.config.js
2025-09-27 09:45:12,506 - Knowledge - INFO - persist search terms embedding for frontend/src/pages/Login.jsx
2025-09-27 09:45:12,649 - Knowledge - INFO - process ingested knowledge for /app/data/kaviademo4200/2918/b124776/prescripto_full-stack_doctor_appointment_app-2918/frontend/vercel.json
2025-09-27 09:45:12,766 - Knowledge - INFO - done ingest for /app/data/kaviademo4200/2918/b124776/prescripto_full-stack_doctor_appointment_app-2918/frontend/src/components/TopDoctors.jsx
2025-09-27 09:45:12,854 - Knowledge - INFO - done fast ingest for /app/data/kaviademo4200/2918/b124776/prescripto_full-stack_doctor_appointment_app-2918/frontend/README.md
2025-09-27 09:45:12,974 - Knowledge - INFO - done fast ingest for /app/data/kaviademo4200/2918/b124776/prescripto_full-stack_doctor_appointment_app-2918/frontend/tailwind.config.js
2025-09-27 09:45:13,089 - Knowledge - INFO - worker kw13 pull /app/data/kaviademo4200/2918/b124776/prescripto_full-stack_doctor_appointment_app-2918/frontend/vite.config.js from ingest queue
2025-09-27 09:45:13,111 - Knowledge - INFO - Found code-base-name: https://github.com/kavia-common/prescripto_full-stack_doctor_appointment_app-2918.git:kavia-main
2025-09-27 09:45:13,479 - Knowledge - INFO - process ingested knowledge for /app/data/kaviademo4200/2918/b124776/prescripto_full-stack_doctor_appointment_app-2918/frontend/README.md
2025-09-27 09:45:13,541 - Knowledge - INFO - process ingested knowledge for /app/data/kaviademo4200/2918/b124776/prescripto_full-stack_doctor_appointment_app-2918/frontend/src/components/TopDoctors.jsx
2025-09-27 09:45:13,659 - Knowledge - INFO - process ingested knowledge for /app/data/kaviademo4200/2918/b124776/prescripto_full-stack_doctor_appointment_app-2918/frontend/tailwind.config.js
2025-09-27 09:45:13,667 - Knowledge - INFO - Thread kw13 - File vite.config.js - Remaining files in queue: 45
2025-09-27 09:45:13,784 - Knowledge - INFO - done ingest for /app/data/kaviademo4200/2918/b124776/prescripto_full-stack_doctor_appointment_app-2918/frontend/src/components/Footer.jsx
2025-09-27 09:45:13,822 - Knowledge - INFO - Found code_base: <app.utils.kg_build.knowledge.KnowledgeCodeBase object at 0x7f1064666890>
2025-09-27 09:45:13,897 - Knowledge - INFO - persist search terms embedding for frontend/src/pages/Verify.jsx
2025-09-27 09:45:14,398 - Knowledge - INFO - start ingest for /app/data/kaviademo4200/2918/b124776/prescripto_full-stack_doctor_appointment_app-2918/frontend/vite.config.js
2025-09-27 09:45:14,850 - Knowledge - INFO - persist ingested knowledge for /app/data/kaviademo4200/2918/b124776/prescripto_full-stack_doctor_appointment_app-2918/frontend/src/pages/Contact.jsx
2025-09-27 09:45:15,034 - Knowledge - INFO - process ingested knowledge for /app/data/kaviademo4200/2918/b124776/prescripto_full-stack_doctor_appointment_app-2918/frontend/src/components/Footer.jsx
2025-09-27 09:45:15,203 - Knowledge - INFO - Fast-track processing for simple file: /app/data/kaviademo4200/2918/b124776/prescripto_full-stack_doctor_appointment_app-2918/frontend/vite.config.js
2025-09-27 09:45:15,566 - Knowledge - INFO - done fast ingest for /app/data/kaviademo4200/2918/b124776/prescripto_full-stack_doctor_appointment_app-2918/frontend/vite.config.js
2025-09-27 09:45:15,695 - Knowledge - INFO - process ingested knowledge for /app/data/kaviademo4200/2918/b124776/prescripto_full-stack_doctor_appointment_app-2918/frontend/vite.config.js
2025-09-27 09:45:15,970 - Knowledge - INFO - done ingest for /app/data/kaviademo4200/2918/b124776/prescripto_full-stack_doctor_appointment_app-2918/frontend/src/context/AppContext.jsx
2025-09-27 09:45:16,085 - Knowledge - INFO - done ingest for /app/data/kaviademo4200/2918/b124776/prescripto_full-stack_doctor_appointment_app-2918/frontend/src/App.jsx
2025-09-27 09:45:16,172 - Knowledge - INFO - process ingested knowledge for /app/data/kaviademo4200/2918/b124776/prescripto_full-stack_doctor_appointment_app-2918/frontend/src/context/AppContext.jsx
2025-09-27 09:45:16,247 - Knowledge - INFO - process ingested knowledge for /app/data/kaviademo4200/2918/b124776/prescripto_full-stack_doctor_appointment_app-2918/frontend/src/App.jsx
2025-09-27 09:45:16,485 - Knowledge - INFO - persist search terms embedding for frontend/src/pages/Appointment.jsx
2025-09-27 09:45:16,585 - Knowledge - INFO - worker kw24 pull /app/data/kaviademo4200/2918/b124776/prescripto_full-stack_doctor_appointment_app-2918/backend/package.json from ingest queue
2025-09-27 09:45:16,586 - Knowledge - INFO - worker kw6 pull /app/data/kaviademo4200/2918/b124776/prescripto_full-stack_doctor_appointment_app-2918/backend/models/userModel.js from ingest queue
2025-09-27 09:45:16,682 - Knowledge - INFO - Thread kw24 - File package.json - Remaining files in queue: 43
2025-09-27 09:45:16,887 - Knowledge - INFO - start ingest for /app/data/kaviademo4200/2918/b124776/prescripto_full-stack_doctor_appointment_app-2918/backend/package.json
2025-09-27 09:45:16,813 - Knowledge - INFO - Found code-base-name: https://github.com/kavia-common/prescripto_full-stack_doctor_appointment_app-2918.git:kavia-main
2025-09-27 09:45:16,822 - Knowledge - INFO - worker kw20 pull /app/data/kaviademo4200/2918/b124776/prescripto_full-stack_doctor_appointment_app-2918/backend/routes/userRoute.js from ingest queue
2025-09-27 09:45:17,249 - Knowledge - INFO - Thread kw20 - File userRoute.js - Remaining files in queue: 41
2025-09-27 09:45:16,824 - Knowledge - INFO - Found code-base-name: https://github.com/kavia-common/prescripto_full-stack_doctor_appointment_app-2918.git:kavia-main
2025-09-27 09:45:16,797 - Knowledge - INFO - Thread kw6 - File userModel.js - Remaining files in queue: 43
2025-09-27 09:45:17,013 - Knowledge - INFO - Fast-track processing for simple file: /app/data/kaviademo4200/2918/b124776/prescripto_full-stack_doctor_appointment_app-2918/backend/package.json
2025-09-27 09:45:17,140 - Knowledge - INFO - Found code_base: <app.utils.kg_build.knowledge.KnowledgeCodeBase object at 0x7f1064666890>
2025-09-27 09:45:16,823 - Knowledge - INFO - worker kw23 pull /app/data/kaviademo4200/2918/b124776/prescripto_full-stack_doctor_appointment_app-2918/backend/routes/doctorRoute.js from ingest queue
2025-09-27 09:45:17,350 - Knowledge - INFO - start ingest for /app/data/kaviademo4200/2918/b124776/prescripto_full-stack_doctor_appointment_app-2918/backend/routes/userRoute.js
2025-09-27 09:45:17,444 - Knowledge - INFO - Found code_base: <app.utils.kg_build.knowledge.KnowledgeCodeBase object at 0x7f1064666890>
2025-09-27 09:45:17,524 - Knowledge - INFO - start ingest for /app/data/kaviademo4200/2918/b124776/prescripto_full-stack_doctor_appointment_app-2918/backend/models/userModel.js
2025-09-27 09:45:17,657 - Knowledge - INFO - done fast ingest for /app/data/kaviademo4200/2918/b124776/prescripto_full-stack_doctor_appointment_app-2918/backend/package.json
2025-09-27 09:45:17,751 - Knowledge - INFO - persist ingested knowledge for /app/data/kaviademo4200/2918/b124776/prescripto_full-stack_doctor_appointment_app-2918/frontend/src/pages/MyAppointments.jsx
2025-09-27 09:45:17,822 - Knowledge - INFO - persist search terms embedding for frontend/src/pages/About.jsx
2025-09-27 09:45:17,836 - Knowledge - INFO - Thread kw23 - File doctorRoute.js - Remaining files in queue: 41
2025-09-27 09:45:18,089 - Knowledge - INFO - persist ingested knowledge for /app/data/kaviademo4200/2918/b124776/prescripto_full-stack_doctor_appointment_app-2918/frontend/postcss.config.js
2025-09-27 09:45:18,244 - Knowledge - INFO - done ingest for /app/data/kaviademo4200/2918/b124776/prescripto_full-stack_doctor_appointment_app-2918/frontend/src/components/Banner.jsx
2025-09-27 09:45:18,297 - Knowledge - INFO - process ingested knowledge for /app/data/kaviademo4200/2918/b124776/prescripto_full-stack_doctor_appointment_app-2918/backend/package.json
2025-09-27 09:45:18,468 - Knowledge - INFO - worker kw14 pull /app/data/kaviademo4200/2918/b124776/prescripto_full-stack_doctor_appointment_app-2918/frontend/index.html from ingest queue
2025-09-27 09:45:18,469 - Knowledge - INFO - Found code-base-name: https://github.com/kavia-common/prescripto_full-stack_doctor_appointment_app-2918.git:kavia-main
2025-09-27 09:45:18,472 - Knowledge - INFO - Found code-base-name: https://github.com/kavia-common/prescripto_full-stack_doctor_appointment_app-2918.git:kavia-main
2025-09-27 09:45:18,485 - Knowledge - INFO - Found code-base-name: https://github.com/kavia-common/prescripto_full-stack_doctor_appointment_app-2918.git:kavia-main
2025-09-27 09:45:18,488 - Knowledge - INFO - Found code-base-name: https://github.com/kavia-common/prescripto_full-stack_doctor_appointment_app-2918.git:kavia-main
2025-09-27 09:45:18,495 - Knowledge - INFO - worker kw11 pull /app/data/kaviademo4200/2918/b124776/prescripto_full-stack_doctor_appointment_app-2918/backend/server.js from ingest queue
2025-09-27 09:45:18,498 - Knowledge - INFO - Found code-base-name: https://github.com/kavia-common/prescripto_full-stack_doctor_appointment_app-2918.git:kavia-main
2025-09-27 09:45:18,498 - Knowledge - INFO - Found code-base-name: https://github.com/kavia-common/prescripto_full-stack_doctor_appointment_app-2918.git:kavia-main
2025-09-27 09:45:18,499 - Knowledge - INFO - Found code-base-name: https://github.com/kavia-common/prescripto_full-stack_doctor_appointment_app-2918.git:kavia-main
2025-09-27 09:45:18,503 - Knowledge - INFO - Found code-base-name: https://github.com/kavia-common/prescripto_full-stack_doctor_appointment_app-2918.git:kavia-main
2025-09-27 09:45:18,505 - Knowledge - INFO - worker kw26 pull /app/data/kaviademo4200/2918/b124776/prescripto_full-stack_doctor_appointment_app-2918/backend/models/doctorModel.js from ingest queue
2025-09-27 09:45:18,506 - Knowledge - INFO - Found code-base-name: https://github.com/kavia-common/prescripto_full-stack_doctor_appointment_app-2918.git:kavia-main
2025-09-27 09:45:18,512 - Knowledge - INFO - worker kw19 pull /app/data/kaviademo4200/2918/b124776/prescripto_full-stack_doctor_appointment_app-2918/backend/models/appointmentModel.js from ingest queue
2025-09-27 09:45:18,517 - Knowledge - INFO - Found code-base-name: https://github.com/kavia-common/prescripto_full-stack_doctor_appointment_app-2918.git:kavia-main
2025-09-27 09:45:18,568 - Knowledge - INFO - start ingest for /app/data/kaviademo4200/2918/b124776/prescripto_full-stack_doctor_appointment_app-2918/backend/routes/doctorRoute.js
2025-09-27 09:45:18,860 - Knowledge - INFO - process ingested knowledge for /app/data/kaviademo4200/2918/b124776/prescripto_full-stack_doctor_appointment_app-2918/frontend/src/components/Banner.jsx
2025-09-27 09:45:19,035 - Knowledge - INFO - Thread kw14 - File index.html - Remaining files in queue: 37
2025-09-27 09:45:19,169 - Knowledge - INFO - Found code_base: <app.utils.kg_build.knowledge.KnowledgeCodeBase object at 0x7f1064666890>
2025-09-27 09:45:20,972 - Knowledge - INFO - persist ingested knowledge for /app/data/kaviademo4200/2918/b124776/prescripto_full-stack_doctor_appointment_app-2918/frontend/src/pages/Doctors.jsx
2025-09-27 09:45:19,276 - Knowledge - INFO - Found code_base: <app.utils.kg_build.knowledge.KnowledgeCodeBase object at 0x7f1064666890>
2025-09-27 09:45:19,319 - Knowledge - INFO - persist search terms embedding for frontend/src/pages/MyAppointments.jsx
2025-09-27 09:45:19,359 - Knowledge - INFO - Found code_base: <app.utils.kg_build.knowledge.KnowledgeCodeBase object at 0x7f1064666890>
2025-09-27 09:45:21,341 - Knowledge - INFO - persist ingested knowledge for /app/data/kaviademo4200/2918/b124776/prescripto_full-stack_doctor_appointment_app-2918/frontend/src/components/TopDoctors.jsx
2025-09-27 09:45:19,609 - Knowledge - INFO - Thread kw11 - File server.js - Remaining files in queue: 37
2025-09-27 09:45:19,658 - Knowledge - INFO - done ingest for /app/data/kaviademo4200/2918/b124776/prescripto_full-stack_doctor_appointment_app-2918/frontend/src/components/RelatedDoctors.jsx
2025-09-27 09:45:19,722 - Knowledge - INFO - Found code_base: <app.utils.kg_build.knowledge.KnowledgeCodeBase object at 0x7f1064666890>
2025-09-27 09:45:19,814 - Knowledge - INFO - Found code_base: <app.utils.kg_build.knowledge.KnowledgeCodeBase object at 0x7f1064666890>
2025-09-27 09:45:19,857 - Knowledge - INFO - done ingest for /app/data/kaviademo4200/2918/b124776/prescripto_full-stack_doctor_appointment_app-2918/frontend/src/components/Navbar.jsx
2025-09-27 09:45:19,948 - Knowledge - INFO - Found code_base: <app.utils.kg_build.knowledge.KnowledgeCodeBase object at 0x7f1064666890>
2025-09-27 09:45:20,088 - Knowledge - INFO - Found code_base: <app.utils.kg_build.knowledge.KnowledgeCodeBase object at 0x7f1064666890>
2025-09-27 09:45:20,233 - Knowledge - INFO - Thread kw26 - File doctorModel.js - Remaining files in queue: 37
2025-09-27 09:45:20,412 - Knowledge - INFO - Found code_base: <app.utils.kg_build.knowledge.KnowledgeCodeBase object at 0x7f1064666890>
2025-09-27 09:45:20,477 - Knowledge - INFO - done ingest for /app/data/kaviademo4200/2918/b124776/prescripto_full-stack_doctor_appointment_app-2918/frontend/src/assets/assets.js
2025-09-27 09:45:20,501 - Knowledge - INFO - Thread kw19 - File appointmentModel.js - Remaining files in queue: 37
2025-09-27 09:45:20,592 - Knowledge - INFO - Found code_base: <app.utils.kg_build.knowledge.KnowledgeCodeBase object at 0x7f1064666890>
2025-09-27 09:45:22,683 - Knowledge - INFO - persist ingested knowledge for /app/data/kaviademo4200/2918/b124776/prescripto_full-stack_doctor_appointment_app-2918/frontend/src/index.css
2025-09-27 09:45:19,258 - Knowledge - INFO - done ingest for /app/data/kaviademo4200/2918/b124776/prescripto_full-stack_doctor_appointment_app-2918/frontend/src/components/SpecialityMenu.jsx
2025-09-27 09:45:21,148 - Knowledge - INFO - persist ingested knowledge for /app/data/kaviademo4200/2918/b124776/prescripto_full-stack_doctor_appointment_app-2918/frontend/README.md
2025-09-27 09:45:21,250 - Knowledge - INFO - worker kw1 pull /app/data/kaviademo4200/2918/b124776/prescripto_full-stack_doctor_appointment_app-2918/backend/config/mongodb.js from ingest queue
2025-09-27 09:45:21,252 - Knowledge - INFO - Found code-base-name: https://github.com/kavia-common/prescripto_full-stack_doctor_appointment_app-2918.git:kavia-main
2025-09-27 09:45:21,252 - Knowledge - INFO - worker kw25 pull /app/data/kaviademo4200/2918/b124776/prescripto_full-stack_doctor_appointment_app-2918/backend/config/cloudinary.js from ingest queue
2025-09-27 09:45:21,252 - Knowledge - INFO - Found code-base-name: https://github.com/kavia-common/prescripto_full-stack_doctor_appointment_app-2918.git:kavia-main
2025-09-27 09:45:21,253 - Knowledge - INFO - Found code-base-name: https://github.com/kavia-common/prescripto_full-stack_doctor_appointment_app-2918.git:kavia-main
2025-09-27 09:45:21,253 - Knowledge - INFO - Found code-base-name: https://github.com/kavia-common/prescripto_full-stack_doctor_appointment_app-2918.git:kavia-main
2025-09-27 09:45:19,464 - Knowledge - INFO - Found code_base: <app.utils.kg_build.knowledge.KnowledgeCodeBase object at 0x7f1064666890>
2025-09-27 09:45:21,579 - Knowledge - INFO - start ingest for /app/data/kaviademo4200/2918/b124776/prescripto_full-stack_doctor_appointment_app-2918/backend/server.js
2025-09-27 09:45:21,589 - Knowledge - INFO - persist search terms embedding for frontend/src/pages/Doctors.jsx
2025-09-27 09:45:21,740 - Knowledge - INFO - process ingested knowledge for /app/data/kaviademo4200/2918/b124776/prescripto_full-stack_doctor_appointment_app-2918/frontend/src/components/RelatedDoctors.jsx
2025-09-27 09:45:21,803 - Knowledge - INFO - persist ingested knowledge for /app/data/kaviademo4200/2918/b124776/prescripto_full-stack_doctor_appointment_app-2918/frontend/src/components/Footer.jsx
2025-09-27 09:45:21,904 - Knowledge - INFO - persist ingested knowledge for /app/data/kaviademo4200/2918/b124776/prescripto_full-stack_doctor_appointment_app-2918/frontend/vite.config.js
2025-09-27 09:45:22,020 - Knowledge - INFO - process ingested knowledge for /app/data/kaviademo4200/2918/b124776/prescripto_full-stack_doctor_appointment_app-2918/frontend/src/components/Navbar.jsx
2025-09-27 09:45:22,075 - Knowledge - INFO - done ingest for /app/data/kaviademo4200/2918/b124776/prescripto_full-stack_doctor_appointment_app-2918/backend/models/userModel.js
2025-09-27 09:45:22,104 - Knowledge - INFO - persist ingested knowledge for /app/data/kaviademo4200/2918/b124776/prescripto_full-stack_doctor_appointment_app-2918/frontend/src/context/AppContext.jsx
2025-09-27 09:45:22,196 - Knowledge - INFO - persist ingested knowledge for /app/data/kaviademo4200/2918/b124776/prescripto_full-stack_doctor_appointment_app-2918/frontend/src/App.jsx
2025-09-27 09:45:22,276 - Knowledge - INFO - start ingest for /app/data/kaviademo4200/2918/b124776/prescripto_full-stack_doctor_appointment_app-2918/backend/models/doctorModel.js
2025-09-27 09:45:22,400 - Knowledge - INFO - persist ingested knowledge for /app/data/kaviademo4200/2918/b124776/prescripto_full-stack_doctor_appointment_app-2918/frontend/src/pages/MyProfile.jsx
2025-09-27 09:45:22,528 - Knowledge - INFO - process ingested knowledge for /app/data/kaviademo4200/2918/b124776/prescripto_full-stack_doctor_appointment_app-2918/frontend/src/assets/assets.js
2025-09-27 09:45:22,587 - Knowledge - INFO - start ingest for /app/data/kaviademo4200/2918/b124776/prescripto_full-stack_doctor_appointment_app-2918/backend/models/appointmentModel.js
2025-09-27 09:45:20,868 - Knowledge - INFO - start ingest for /app/data/kaviademo4200/2918/b124776/prescripto_full-stack_doctor_appointment_app-2918/frontend/index.html
2025-09-27 09:45:22,815 - Knowledge - INFO - done ingest for /app/data/kaviademo4200/2918/b124776/prescripto_full-stack_doctor_appointment_app-2918/backend/routes/userRoute.js
2025-09-27 09:45:22,867 - Knowledge - INFO - process ingested knowledge for /app/data/kaviademo4200/2918/b124776/prescripto_full-stack_doctor_appointment_app-2918/frontend/src/components/SpecialityMenu.jsx
2025-09-27 09:45:23,072 - Knowledge - INFO - Thread kw1 - File mongodb.js - Remaining files in queue: 35
2025-09-27 09:45:23,157 - Knowledge - INFO - Found code_base: <app.utils.kg_build.knowledge.KnowledgeCodeBase object at 0x7f1064666890>
2025-09-27 09:45:23,259 - Knowledge - INFO - Thread kw25 - File cloudinary.js - Remaining files in queue: 35
2025-09-27 09:45:23,344 - Knowledge - INFO - Found code_base: <app.utils.kg_build.knowledge.KnowledgeCodeBase object at 0x7f1064666890>
2025-09-27 09:45:23,433 - Knowledge - INFO - Found code_base: <app.utils.kg_build.knowledge.KnowledgeCodeBase object at 0x7f1064666890>
2025-09-27 09:45:23,562 - Knowledge - INFO - Found code_base: <app.utils.kg_build.knowledge.KnowledgeCodeBase object at 0x7f1064666890>
2025-09-27 09:45:23,680 - Knowledge - INFO - persist ingested knowledge for /app/data/kaviademo4200/2918/b124776/prescripto_full-stack_doctor_appointment_app-2918/frontend/tailwind.config.js
2025-09-27 09:45:24,377 - Knowledge - INFO - process ingested knowledge for /app/data/kaviademo4200/2918/b124776/prescripto_full-stack_doctor_appointment_app-2918/backend/models/userModel.js
2025-09-27 09:45:24,513 - Knowledge - INFO - persist search terms embedding for frontend/src/pages/Contact.jsx
2025-09-27 09:45:25,023 - Knowledge - INFO - Fast-track processing for simple file: /app/data/kaviademo4200/2918/b124776/prescripto_full-stack_doctor_appointment_app-2918/frontend/index.html
2025-09-27 09:45:25,158 - Knowledge - INFO - process ingested knowledge for /app/data/kaviademo4200/2918/b124776/prescripto_full-stack_doctor_appointment_app-2918/backend/routes/userRoute.js
2025-09-27 09:45:25,297 - Knowledge - INFO - start ingest for /app/data/kaviademo4200/2918/b124776/prescripto_full-stack_doctor_appointment_app-2918/backend/config/mongodb.js
2025-09-27 09:45:25,406 - Knowledge - INFO - persist ingested knowledge for /app/data/kaviademo4200/2918/b124776/prescripto_full-stack_doctor_appointment_app-2918/frontend/vercel.json
2025-09-27 09:45:25,498 - Knowledge - INFO - start ingest for /app/data/kaviademo4200/2918/b124776/prescripto_full-stack_doctor_appointment_app-2918/backend/config/cloudinary.js
2025-09-27 09:45:25,584 - Knowledge - INFO - persist ingested knowledge for /app/data/kaviademo4200/2918/b124776/prescripto_full-stack_doctor_appointment_app-2918/frontend/src/components/Header.jsx
2025-09-27 09:45:25,666 - Knowledge - INFO - persist ingested knowledge for /app/data/kaviademo4200/2918/b124776/prescripto_full-stack_doctor_appointment_app-2918/backend/package.json
2025-09-27 09:45:25,743 - Knowledge - INFO - persist ingested knowledge for /app/data/kaviademo4200/2918/b124776/prescripto_full-stack_doctor_appointment_app-2918/frontend/src/components/Banner.jsx
2025-09-27 09:45:26,139 - Knowledge - INFO - done fast ingest for /app/data/kaviademo4200/2918/b124776/prescripto_full-stack_doctor_appointment_app-2918/frontend/index.html
2025-09-27 09:45:26,374 - Knowledge - INFO - Fast-track processing for simple file: /app/data/kaviademo4200/2918/b124776/prescripto_full-stack_doctor_appointment_app-2918/backend/config/mongodb.js
2025-09-27 09:45:26,559 - Knowledge - INFO - Fast-track processing for simple file: /app/data/kaviademo4200/2918/b124776/prescripto_full-stack_doctor_appointment_app-2918/backend/config/cloudinary.js
2025-09-27 09:45:26,949 - Knowledge - INFO - done ingest for /app/data/kaviademo4200/2918/b124776/prescripto_full-stack_doctor_appointment_app-2918/backend/routes/doctorRoute.js
2025-09-27 09:45:26,985 - Knowledge - INFO - process ingested knowledge for /app/data/kaviademo4200/2918/b124776/prescripto_full-stack_doctor_appointment_app-2918/frontend/index.html
2025-09-27 09:45:27,099 - Knowledge - INFO - done fast ingest for /app/data/kaviademo4200/2918/b124776/prescripto_full-stack_doctor_appointment_app-2918/backend/config/mongodb.js
2025-09-27 09:45:27,192 - Knowledge - INFO - persist search terms embedding for frontend/src/components/TopDoctors.jsx
2025-09-27 09:45:27,193 - Knowledge - INFO - done fast ingest for /app/data/kaviademo4200/2918/b124776/prescripto_full-stack_doctor_appointment_app-2918/backend/config/cloudinary.js
2025-09-27 09:45:27,450 - Knowledge - INFO - process ingested knowledge for /app/data/kaviademo4200/2918/b124776/prescripto_full-stack_doctor_appointment_app-2918/backend/routes/doctorRoute.js
2025-09-27 09:45:27,661 - Knowledge - INFO - done ingest for /app/data/kaviademo4200/2918/b124776/prescripto_full-stack_doctor_appointment_app-2918/backend/models/doctorModel.js
2025-09-27 09:45:27,702 - Knowledge - INFO - process ingested knowledge for /app/data/kaviademo4200/2918/b124776/prescripto_full-stack_doctor_appointment_app-2918/backend/config/mongodb.js
2025-09-27 09:45:27,709 - Knowledge - INFO - done ingest for /app/data/kaviademo4200/2918/b124776/prescripto_full-stack_doctor_appointment_app-2918/backend/server.js
2025-09-27 09:45:27,853 - Knowledge - INFO - process ingested knowledge for /app/data/kaviademo4200/2918/b124776/prescripto_full-stack_doctor_appointment_app-2918/backend/config/cloudinary.js
2025-09-27 09:45:27,927 - Knowledge - INFO - worker kw2 pull /app/data/kaviademo4200/2918/b124776/prescripto_full-stack_doctor_appointment_app-2918/backend/middleware/multer.js from ingest queue
2025-09-27 09:45:27,928 - Knowledge - INFO - Found code-base-name: https://github.com/kavia-common/prescripto_full-stack_doctor_appointment_app-2918.git:kavia-main
2025-09-27 09:45:28,004 - Knowledge - INFO - Found code-base-name: https://github.com/kavia-common/prescripto_full-stack_doctor_appointment_app-2918.git:kavia-main
2025-09-27 09:45:28,049 - Knowledge - INFO - process ingested knowledge for /app/data/kaviademo4200/2918/b124776/prescripto_full-stack_doctor_appointment_app-2918/backend/models/doctorModel.js
2025-09-27 09:45:28,247 - Knowledge - INFO - process ingested knowledge for /app/data/kaviademo4200/2918/b124776/prescripto_full-stack_doctor_appointment_app-2918/backend/server.js
2025-09-27 09:45:28,283 - Knowledge - INFO - done ingest for /app/data/kaviademo4200/2918/b124776/prescripto_full-stack_doctor_appointment_app-2918/backend/models/appointmentModel.js
2025-09-27 09:45:28,401 - Knowledge - INFO - Thread kw2 - File multer.js - Remaining files in queue: 34
2025-09-27 09:45:28,495 - Knowledge - INFO - Found code_base: <app.utils.kg_build.knowledge.KnowledgeCodeBase object at 0x7f1064666890>
2025-09-27 09:45:28,540 - Knowledge - INFO - persist search terms embedding for frontend/src/context/AppContext.jsx
2025-09-27 09:45:28,596 - Knowledge - INFO - Found code_base: <app.utils.kg_build.knowledge.KnowledgeCodeBase object at 0x7f1064666890>
2025-09-27 09:45:28,858 - Knowledge - INFO - process ingested knowledge for /app/data/kaviademo4200/2918/b124776/prescripto_full-stack_doctor_appointment_app-2918/backend/models/appointmentModel.js
2025-09-27 09:45:28,936 - Knowledge - INFO - start ingest for /app/data/kaviademo4200/2918/b124776/prescripto_full-stack_doctor_appointment_app-2918/backend/middleware/multer.js
2025-09-27 09:45:29,050 - Knowledge - INFO - persist ingested knowledge for /app/data/kaviademo4200/2918/b124776/prescripto_full-stack_doctor_appointment_app-2918/frontend/src/components/RelatedDoctors.jsx
2025-09-27 09:45:29,289 - Knowledge - INFO - persist ingested knowledge for /app/data/kaviademo4200/2918/b124776/prescripto_full-stack_doctor_appointment_app-2918/frontend/src/components/Navbar.jsx
2025-09-27 09:45:29,454 - Knowledge - INFO - Fast-track processing for simple file: /app/data/kaviademo4200/2918/b124776/prescripto_full-stack_doctor_appointment_app-2918/backend/middleware/multer.js
2025-09-27 09:45:29,548 - Knowledge - INFO - persist search terms embedding for frontend/src/App.jsx
2025-09-27 09:45:29,688 - Knowledge - INFO - done fast ingest for /app/data/kaviademo4200/2918/b124776/prescripto_full-stack_doctor_appointment_app-2918/backend/middleware/multer.js
2025-09-27 09:45:29,913 - Knowledge - INFO - process ingested knowledge for /app/data/kaviademo4200/2918/b124776/prescripto_full-stack_doctor_appointment_app-2918/backend/middleware/multer.js
2025-09-27 09:45:30,333 - Knowledge - INFO - persist search terms embedding for frontend/src/pages/MyProfile.jsx
2025-09-27 09:45:30,426 - Knowledge - INFO - Found code-base-name: https://github.com/kavia-common/prescripto_full-stack_doctor_appointment_app-2918.git:kavia-main
2025-09-27 09:45:30,429 - Knowledge - INFO - Found code-base-name: https://github.com/kavia-common/prescripto_full-stack_doctor_appointment_app-2918.git:kavia-main
2025-09-27 09:45:30,506 - Knowledge - INFO - Found code-base-name: https://github.com/kavia-common/prescripto_full-stack_doctor_appointment_app-2918.git:kavia-main
2025-09-27 09:45:30,751 - Knowledge - INFO - Found code_base: <app.utils.kg_build.knowledge.KnowledgeCodeBase object at 0x7f1064666890>
2025-09-27 09:45:30,507 - Knowledge - INFO - worker kw7 pull /app/data/kaviademo4200/2918/b124776/prescripto_full-stack_doctor_appointment_app-2918/frontend/package.json from ingest queue
2025-09-27 09:45:30,507 - Knowledge - INFO - worker kw10 pull /app/data/kaviademo4200/2918/b124776/prescripto_full-stack_doctor_appointment_app-2918/backend/routes/adminRoute.js from ingest queue
2025-09-27 09:45:30,527 - Knowledge - INFO - Found code_base: <app.utils.kg_build.knowledge.KnowledgeCodeBase object at 0x7f1064666890>
2025-09-27 09:45:30,638 - Knowledge - INFO - Found code_base: <app.utils.kg_build.knowledge.KnowledgeCodeBase object at 0x7f1064666890>
2025-09-27 09:45:30,506 - Knowledge - INFO - worker kw15 pull /app/data/kaviademo4200/2918/b124776/prescripto_full-stack_doctor_appointment_app-2918/backend/middleware/authUser.js from ingest queue
2025-09-27 09:45:30,871 - Knowledge - INFO - persist ingested knowledge for /app/data/kaviademo4200/2918/b124776/prescripto_full-stack_doctor_appointment_app-2918/backend/models/userModel.js
2025-09-27 09:45:30,935 - Knowledge - INFO - persist search terms embedding for frontend/src/components/Banner.jsx
2025-09-27 09:45:30,962 - Knowledge - INFO - Thread kw7 - File package.json - Remaining files in queue: 31
2025-09-27 09:45:31,044 - Knowledge - INFO - Thread kw10 - File adminRoute.js - Remaining files in queue: 31
2025-09-27 09:45:31,163 - Knowledge - INFO - persist ingested knowledge for /app/data/kaviademo4200/2918/b124776/prescripto_full-stack_doctor_appointment_app-2918/frontend/src/assets/assets.js
2025-09-27 09:45:31,257 - Knowledge - INFO - persist ingested knowledge for /app/data/kaviademo4200/2918/b124776/prescripto_full-stack_doctor_appointment_app-2918/frontend/src/components/SpecialityMenu.jsx
2025-09-27 09:45:31,376 - Knowledge - INFO - Thread kw15 - File authUser.js - Remaining files in queue: 31
2025-09-27 09:45:31,579 - Knowledge - INFO - Found code-base-name: https://github.com/kavia-common/prescripto_full-stack_doctor_appointment_app-2918.git:kavia-main
2025-09-27 09:45:31,580 - Knowledge - INFO - worker kw8 pull /app/data/kaviademo4200/2918/b124776/prescripto_full-stack_doctor_appointment_app-2918/backend/vercel.json from ingest queue
2025-09-27 09:45:31,580 - Knowledge - INFO - worker kw28 pull /app/data/kaviademo4200/2918/b124776/prescripto_full-stack_doctor_appointment_app-2918/backend/controllers/adminController.js from ingest queue
2025-09-27 09:45:31,581 - Knowledge - INFO - worker kw27 pull /app/data/kaviademo4200/2918/b124776/prescripto_full-stack_doctor_appointment_app-2918/backend/controllers/doctorController.js from ingest queue
2025-09-27 09:45:32,411 - Knowledge - INFO - Thread kw27 - File doctorController.js - Remaining files in queue: 26
2025-09-27 09:45:31,581 - Knowledge - INFO - Found code-base-name: https://github.com/kavia-common/prescripto_full-stack_doctor_appointment_app-2918.git:kavia-main
2025-09-27 09:45:31,581 - Knowledge - INFO - Found code-base-name: https://github.com/kavia-common/prescripto_full-stack_doctor_appointment_app-2918.git:kavia-main
2025-09-27 09:45:31,582 - Knowledge - INFO - worker kw29 pull /app/data/kaviademo4200/2918/b124776/prescripto_full-stack_doctor_appointment_app-2918/admin/src/pages/Admin/AllAppointments.jsx from ingest queue
2025-09-27 09:45:31,582 - Knowledge - INFO - Found code-base-name: https://github.com/kavia-common/prescripto_full-stack_doctor_appointment_app-2918.git:kavia-main
2025-09-27 09:45:31,679 - Knowledge - INFO - start ingest for /app/data/kaviademo4200/2918/b124776/prescripto_full-stack_doctor_appointment_app-2918/frontend/package.json
2025-09-27 09:45:31,761 - Knowledge - INFO - start ingest for /app/data/kaviademo4200/2918/b124776/prescripto_full-stack_doctor_appointment_app-2918/backend/routes/adminRoute.js
2025-09-27 09:45:32,013 - Knowledge - INFO - start ingest for /app/data/kaviademo4200/2918/b124776/prescripto_full-stack_doctor_appointment_app-2918/backend/middleware/authUser.js
2025-09-27 09:45:32,135 - Knowledge - INFO - Found code_base: <app.utils.kg_build.knowledge.KnowledgeCodeBase object at 0x7f1064666890>
2025-09-27 09:45:32,225 - Knowledge - INFO - Thread kw8 - File vercel.json - Remaining files in queue: 26
2025-09-27 09:45:32,306 - Knowledge - INFO - Thread kw28 - File adminController.js - Remaining files in queue: 26
2025-09-27 09:45:31,581 - Knowledge - INFO - worker kw13 pull /app/data/kaviademo4200/2918/b124776/prescripto_full-stack_doctor_appointment_app-2918/admin/src/pages/Login.jsx from ingest queue
2025-09-27 09:45:32,413 - Knowledge - INFO - persist search terms embedding for frontend/src/components/Navbar.jsx
2025-09-27 09:45:33,604 - Knowledge - INFO - worker kw16 pull /app/data/kaviademo4200/2918/b124776/prescripto_full-stack_doctor_appointment_app-2918/admin/src/pages/Admin/DoctorsList.jsx from ingest queue
2025-09-27 09:45:32,601 - Knowledge - INFO - Found code_base: <app.utils.kg_build.knowledge.KnowledgeCodeBase object at 0x7f1064666890>
2025-09-27 09:45:32,690 - Knowledge - INFO - Found code_base: <app.utils.kg_build.knowledge.KnowledgeCodeBase object at 0x7f1064666890>
2025-09-27 09:45:32,781 - Knowledge - INFO - Thread kw29 - File AllAppointments.jsx - Remaining files in queue: 26
2025-09-27 09:45:32,876 - Knowledge - INFO - Found code_base: <app.utils.kg_build.knowledge.KnowledgeCodeBase object at 0x7f1064666890>
2025-09-27 09:45:32,969 - Knowledge - INFO - Fast-track processing for simple file: /app/data/kaviademo4200/2918/b124776/prescripto_full-stack_doctor_appointment_app-2918/frontend/package.json
2025-09-27 09:45:33,216 - Knowledge - INFO - persist ingested knowledge for /app/data/kaviademo4200/2918/b124776/prescripto_full-stack_doctor_appointment_app-2918/frontend/index.html
2025-09-27 09:45:33,334 - Knowledge - INFO - start ingest for /app/data/kaviademo4200/2918/b124776/prescripto_full-stack_doctor_appointment_app-2918/backend/vercel.json
2025-09-27 09:45:33,424 - Knowledge - INFO - start ingest for /app/data/kaviademo4200/2918/b124776/prescripto_full-stack_doctor_appointment_app-2918/backend/controllers/adminController.js
2025-09-27 09:45:33,523 - Knowledge - INFO - Thread kw13 - File Login.jsx - Remaining files in queue: 26
2025-09-27 09:45:32,528 - Knowledge - INFO - start ingest for /app/data/kaviademo4200/2918/b124776/prescripto_full-stack_doctor_appointment_app-2918/backend/controllers/doctorController.js
2025-09-27 09:45:33,605 - Knowledge - INFO - worker kw18 pull /app/data/kaviademo4200/2918/b124776/prescripto_full-stack_doctor_appointment_app-2918/admin/src/pages/Admin/Dashboard.jsx from ingest queue
2025-09-27 09:45:33,605 - Knowledge - INFO - Found code-base-name: https://github.com/kavia-common/prescripto_full-stack_doctor_appointment_app-2918.git:kavia-main
2025-09-27 09:45:33,725 - Knowledge - INFO - Thread kw16 - File DoctorsList.jsx - Remaining files in queue: 24
2025-09-27 09:45:33,837 - Knowledge - INFO - persist ingested knowledge for /app/data/kaviademo4200/2918/b124776/prescripto_full-stack_doctor_appointment_app-2918/backend/config/cloudinary.js
2025-09-27 09:45:33,900 - Knowledge - INFO - persist search terms embedding for frontend/src/components/Header.jsx
2025-09-27 09:45:33,944 - Knowledge - INFO - persist ingested knowledge for /app/data/kaviademo4200/2918/b124776/prescripto_full-stack_doctor_appointment_app-2918/backend/server.js
2025-09-27 09:45:34,018 - Knowledge - INFO - start ingest for /app/data/kaviademo4200/2918/b124776/prescripto_full-stack_doctor_appointment_app-2918/admin/src/pages/Admin/AllAppointments.jsx
2025-09-27 09:45:34,124 - Knowledge - INFO - persist ingested knowledge for /app/data/kaviademo4200/2918/b124776/prescripto_full-stack_doctor_appointment_app-2918/backend/models/appointmentModel.js
2025-09-27 09:45:34,220 - Knowledge - INFO - done fast ingest for /app/data/kaviademo4200/2918/b124776/prescripto_full-stack_doctor_appointment_app-2918/frontend/package.json
2025-09-27 09:45:34,431 - Knowledge - INFO - Fast-track processing for simple file: /app/data/kaviademo4200/2918/b124776/prescripto_full-stack_doctor_appointment_app-2918/backend/vercel.json
2025-09-27 09:45:34,621 - Knowledge - INFO - start ingest for /app/data/kaviademo4200/2918/b124776/prescripto_full-stack_doctor_appointment_app-2918/admin/src/pages/Login.jsx
2025-09-27 09:45:34,806 - Knowledge - INFO - Thread kw18 - File Dashboard.jsx - Remaining files in queue: 24
2025-09-27 09:45:34,879 - Knowledge - INFO - Found code_base: <app.utils.kg_build.knowledge.KnowledgeCodeBase object at 0x7f1064666890>
2025-09-27 09:45:34,966 - Knowledge - INFO - start ingest for /app/data/kaviademo4200/2918/b124776/prescripto_full-stack_doctor_appointment_app-2918/admin/src/pages/Admin/DoctorsList.jsx
2025-09-27 09:45:35,151 - Knowledge - INFO - worker kw24 pull /app/data/kaviademo4200/2918/b124776/prescripto_full-stack_doctor_appointment_app-2918/backend/middleware/authDoctor.js from ingest queue
2025-09-27 09:45:36,138 - Knowledge - INFO - Thread kw24 - File authDoctor.js - Remaining files in queue: 23
2025-09-27 09:45:35,587 - Knowledge - INFO - persist search terms embedding for backend/models/userModel.js
2025-09-27 09:45:35,596 - Knowledge - INFO - done fast ingest for /app/data/kaviademo4200/2918/b124776/prescripto_full-stack_doctor_appointment_app-2918/backend/vercel.json
2025-09-27 09:45:35,797 - Knowledge - INFO - start ingest for /app/data/kaviademo4200/2918/b124776/prescripto_full-stack_doctor_appointment_app-2918/admin/src/pages/Admin/Dashboard.jsx
2025-09-27 09:45:35,897 - Knowledge - INFO - persist ingested knowledge for /app/data/kaviademo4200/2918/b124776/prescripto_full-stack_doctor_appointment_app-2918/backend/routes/userRoute.js
2025-09-27 09:45:35,484 - Knowledge - INFO - process ingested knowledge for /app/data/kaviademo4200/2918/b124776/prescripto_full-stack_doctor_appointment_app-2918/frontend/package.json
2025-09-27 09:45:36,271 - Knowledge - INFO - start ingest for /app/data/kaviademo4200/2918/b124776/prescripto_full-stack_doctor_appointment_app-2918/backend/middleware/authDoctor.js
2025-09-27 09:45:36,468 - Knowledge - INFO - process ingested knowledge for /app/data/kaviademo4200/2918/b124776/prescripto_full-stack_doctor_appointment_app-2918/backend/vercel.json
2025-09-27 09:45:36,825 - Knowledge - INFO - persist search terms embedding for frontend/src/components/Footer.jsx
2025-09-27 09:45:37,151 - Knowledge - INFO - Found code-base-name: https://github.com/kavia-common/prescripto_full-stack_doctor_appointment_app-2918.git:kavia-main
2025-09-27 09:45:37,153 - Knowledge - INFO - Found code-base-name: https://github.com/kavia-common/prescripto_full-stack_doctor_appointment_app-2918.git:kavia-main
2025-09-27 09:45:37,171 - Knowledge - INFO - done ingest for /app/data/kaviademo4200/2918/b124776/prescripto_full-stack_doctor_appointment_app-2918/backend/middleware/authUser.js
2025-09-27 09:45:37,171 - Knowledge - INFO - Found code-base-name: https://github.com/kavia-common/prescripto_full-stack_doctor_appointment_app-2918.git:kavia-main
2025-09-27 09:45:37,264 - Knowledge - INFO - Found code_base: <app.utils.kg_build.knowledge.KnowledgeCodeBase object at 0x7f1064666890>
2025-09-27 09:45:37,355 - Knowledge - INFO - Found code_base: <app.utils.kg_build.knowledge.KnowledgeCodeBase object at 0x7f1064666890>
2025-09-27 09:45:37,706 - Knowledge - INFO - persist ingested knowledge for /app/data/kaviademo4200/2918/b124776/prescripto_full-stack_doctor_appointment_app-2918/backend/config/mongodb.js
2025-09-27 09:45:37,527 - Knowledge - INFO - Found code_base: <app.utils.kg_build.knowledge.KnowledgeCodeBase object at 0x7f1064666890>
2025-09-27 09:45:37,628 - Knowledge - INFO - persist ingested knowledge for /app/data/kaviademo4200/2918/b124776/prescripto_full-stack_doctor_appointment_app-2918/backend/routes/doctorRoute.js
2025-09-27 09:45:37,641 - Knowledge - INFO - persist search terms embedding for frontend/src/components/RelatedDoctors.jsx
2025-09-27 09:45:37,471 - Knowledge - INFO - process ingested knowledge for /app/data/kaviademo4200/2918/b124776/prescripto_full-stack_doctor_appointment_app-2918/backend/middleware/authUser.js
2025-09-27 09:45:37,877 - Knowledge - INFO - persist ingested knowledge for /app/data/kaviademo4200/2918/b124776/prescripto_full-stack_doctor_appointment_app-2918/backend/models/doctorModel.js
2025-09-27 09:45:38,411 - Knowledge - INFO - persist search terms embedding for frontend/src/assets/assets.js
2025-09-27 09:45:38,897 - Knowledge - INFO - done ingest for /app/data/kaviademo4200/2918/b124776/prescripto_full-stack_doctor_appointment_app-2918/backend/routes/adminRoute.js
2025-09-27 09:45:38,967 - Knowledge - INFO - persist search terms embedding for frontend/src/components/SpecialityMenu.jsx
2025-09-27 09:45:39,010 - Knowledge - INFO - process ingested knowledge for /app/data/kaviademo4200/2918/b124776/prescripto_full-stack_doctor_appointment_app-2918/backend/routes/adminRoute.js
2025-09-27 09:45:39,087 - Knowledge - INFO - worker kw3 pull /app/data/kaviademo4200/2918/b124776/prescripto_full-stack_doctor_appointment_app-2918/admin/src/components/Sidebar.jsx from ingest queue
2025-09-27 09:45:39,087 - Knowledge - INFO - Found code-base-name: https://github.com/kavia-common/prescripto_full-stack_doctor_appointment_app-2918.git:kavia-main
2025-09-27 09:45:39,254 - Knowledge - INFO - Thread kw3 - File Sidebar.jsx - Remaining files in queue: 22
2025-09-27 09:45:39,353 - Knowledge - INFO - worker kw21 pull /app/data/kaviademo4200/2918/b124776/prescripto_full-stack_doctor_appointment_app-2918/backend/middleware/authAdmin.js from ingest queue
2025-09-27 09:45:39,353 - Knowledge - INFO - worker kw9 pull /app/data/kaviademo4200/2918/b124776/prescripto_full-stack_doctor_appointment_app-2918/backend/controllers/userController.js from ingest queue
2025-09-27 09:45:39,354 - Knowledge - INFO - Found code_base: <app.utils.kg_build.knowledge.KnowledgeCodeBase object at 0x7f1064666890>
2025-09-27 09:45:39,770 - Knowledge - INFO - persist ingested knowledge for /app/data/kaviademo4200/2918/b124776/prescripto_full-stack_doctor_appointment_app-2918/backend/middleware/multer.js
2025-09-27 09:45:39,575 - Knowledge - INFO - Thread kw21 - File authAdmin.js - Remaining files in queue: 20
2025-09-27 09:45:39,619 - Knowledge - INFO - persist search terms embedding for backend/server.js
2025-09-27 09:45:39,652 - Knowledge - INFO - Thread kw9 - File userController.js - Remaining files in queue: 20
2025-09-27 09:45:39,446 - Knowledge - INFO - start ingest for /app/data/kaviademo4200/2918/b124776/prescripto_full-stack_doctor_appointment_app-2918/admin/src/components/Sidebar.jsx
2025-09-27 09:45:39,955 - Knowledge - INFO - start ingest for /app/data/kaviademo4200/2918/b124776/prescripto_full-stack_doctor_appointment_app-2918/backend/middleware/authAdmin.js
2025-09-27 09:45:40,197 - Knowledge - INFO - start ingest for /app/data/kaviademo4200/2918/b124776/prescripto_full-stack_doctor_appointment_app-2918/backend/controllers/userController.js
2025-09-27 09:45:40,538 - Knowledge - INFO - persist search terms embedding for backend/routes/userRoute.js
2025-09-27 09:45:40,681 - Knowledge - INFO - Found code-base-name: https://github.com/kavia-common/prescripto_full-stack_doctor_appointment_app-2918.git:kavia-main
2025-09-27 09:45:40,681 - Knowledge - INFO - Found code-base-name: https://github.com/kavia-common/prescripto_full-stack_doctor_appointment_app-2918.git:kavia-main
2025-09-27 09:45:40,681 - Knowledge - INFO - worker kw17 pull /app/data/kaviademo4200/2918/b124776/prescripto_full-stack_doctor_appointment_app-2918/admin/src/pages/Doctor/DoctorDashboard.jsx from ingest queue
2025-09-27 09:45:41,104 - Knowledge - INFO - Thread kw17 - File DoctorDashboard.jsx - Remaining files in queue: 19
2025-09-27 09:45:40,946 - Knowledge - INFO - Found code_base: <app.utils.kg_build.knowledge.KnowledgeCodeBase object at 0x7f1064666890>
2025-09-27 09:45:40,782 - Knowledge - INFO - Found code_base: <app.utils.kg_build.knowledge.KnowledgeCodeBase object at 0x7f1064666890>
2025-09-27 09:45:41,222 - Knowledge - INFO - start ingest for /app/data/kaviademo4200/2918/b124776/prescripto_full-stack_doctor_appointment_app-2918/admin/src/pages/Doctor/DoctorDashboard.jsx
2025-09-27 09:45:41,339 - Knowledge - INFO - persist search terms embedding for backend/routes/doctorRoute.js
2025-09-27 09:45:41,341 - Knowledge - INFO - persist ingested knowledge for /app/data/kaviademo4200/2918/b124776/prescripto_full-stack_doctor_appointment_app-2918/backend/vercel.json
2025-09-27 09:45:41,447 - Knowledge - INFO - persist ingested knowledge for /app/data/kaviademo4200/2918/b124776/prescripto_full-stack_doctor_appointment_app-2918/frontend/package.json
2025-09-27 09:45:41,690 - Knowledge - INFO - worker kw4 pull /app/data/kaviademo4200/2918/b124776/prescripto_full-stack_doctor_appointment_app-2918/admin/src/main.jsx from ingest queue
2025-09-27 09:45:41,694 - Knowledge - INFO - Found code-base-name: https://github.com/kavia-common/prescripto_full-stack_doctor_appointment_app-2918.git:kavia-main
2025-09-27 09:45:41,699 - Knowledge - INFO - worker kw30 pull /app/data/kaviademo4200/2918/b124776/prescripto_full-stack_doctor_appointment_app-2918/admin/src/context/AdminContext.jsx from ingest queue
2025-09-27 09:45:41,706 - Knowledge - INFO - worker kw5 pull /app/data/kaviademo4200/2918/b124776/prescripto_full-stack_doctor_appointment_app-2918/admin/src/pages/Doctor/DoctorAppointments.jsx from ingest queue
2025-09-27 09:45:41,708 - Knowledge - INFO - Found code-base-name: https://github.com/kavia-common/prescripto_full-stack_doctor_appointment_app-2918.git:kavia-main
2025-09-27 09:45:42,066 - Knowledge - INFO - Thread kw4 - File main.jsx - Remaining files in queue: 16
2025-09-27 09:45:42,196 - Knowledge - INFO - Found code_base: <app.utils.kg_build.knowledge.KnowledgeCodeBase object at 0x7f1064666890>
2025-09-27 09:45:42,401 - Knowledge - INFO - Thread kw30 - File AdminContext.jsx - Remaining files in queue: 16
2025-09-27 09:45:42,517 - Knowledge - INFO - persist search terms embedding for backend/models/appointmentModel.js
2025-09-27 09:45:42,524 - Knowledge - INFO - Thread kw5 - File DoctorAppointments.jsx - Remaining files in queue: 16
2025-09-27 09:45:42,647 - Knowledge - INFO - Found code_base: <app.utils.kg_build.knowledge.KnowledgeCodeBase object at 0x7f1064666890>
2025-09-27 09:45:42,862 - Knowledge - INFO - start ingest for /app/data/kaviademo4200/2918/b124776/prescripto_full-stack_doctor_appointment_app-2918/admin/src/main.jsx
2025-09-27 09:45:43,075 - Knowledge - INFO - persist ingested knowledge for /app/data/kaviademo4200/2918/b124776/prescripto_full-stack_doctor_appointment_app-2918/backend/middleware/authUser.js
2025-09-27 09:45:43,285 - Knowledge - INFO - start ingest for /app/data/kaviademo4200/2918/b124776/prescripto_full-stack_doctor_appointment_app-2918/admin/src/context/AdminContext.jsx
2025-09-27 09:45:43,471 - Knowledge - INFO - worker kw6 pull /app/data/kaviademo4200/2918/b124776/prescripto_full-stack_doctor_appointment_app-2918/admin/src/context/AppContext.jsx from ingest queue
2025-09-27 09:45:43,510 - Knowledge - INFO - worker kw25 pull /app/data/kaviademo4200/2918/b124776/prescripto_full-stack_doctor_appointment_app-2918/admin/src/pages/Doctor/DoctorProfile.jsx from ingest queue
2025-09-27 09:45:43,525 - Knowledge - INFO - worker kw11 pull /app/data/kaviademo4200/2918/b124776/prescripto_full-stack_doctor_appointment_app-2918/admin/src/components/Navbar.jsx from ingest queue
2025-09-27 09:45:43,690 - Knowledge - INFO - start ingest for /app/data/kaviademo4200/2918/b124776/prescripto_full-stack_doctor_appointment_app-2918/admin/src/pages/Doctor/DoctorAppointments.jsx
2025-09-27 09:45:43,832 - Knowledge - INFO - done ingest for /app/data/kaviademo4200/2918/b124776/prescripto_full-stack_doctor_appointment_app-2918/admin/src/pages/Admin/AllAppointments.jsx
2025-09-27 09:45:43,866 - Knowledge - INFO - persist ingested knowledge for /app/data/kaviademo4200/2918/b124776/prescripto_full-stack_doctor_appointment_app-2918/backend/routes/adminRoute.js
2025-09-27 09:45:44,553 - Knowledge - INFO - Thread kw6 - File AppContext.jsx - Remaining files in queue: 13
2025-09-27 09:45:44,787 - Knowledge - INFO - Thread kw25 - File DoctorProfile.jsx - Remaining files in queue: 13
2025-09-27 09:45:44,814 - Knowledge - INFO - persist search terms embedding for backend/models/doctorModel.js
2025-09-27 09:45:44,941 - Knowledge - INFO - Thread kw11 - File Navbar.jsx - Remaining files in queue: 13
2025-09-27 09:45:45,114 - Knowledge - INFO - done ingest for /app/data/kaviademo4200/2918/b124776/prescripto_full-stack_doctor_appointment_app-2918/backend/controllers/adminController.js
2025-09-27 09:45:45,220 - Knowledge - INFO - process ingested knowledge for /app/data/kaviademo4200/2918/b124776/prescripto_full-stack_doctor_appointment_app-2918/admin/src/pages/Admin/AllAppointments.jsx
2025-09-27 09:45:45,449 - Knowledge - INFO - start ingest for /app/data/kaviademo4200/2918/b124776/prescripto_full-stack_doctor_appointment_app-2918/admin/src/context/AppContext.jsx
2025-09-27 09:45:45,555 - Knowledge - INFO - start ingest for /app/data/kaviademo4200/2918/b124776/prescripto_full-stack_doctor_appointment_app-2918/admin/src/pages/Doctor/DoctorProfile.jsx
2025-09-27 09:45:45,680 - Knowledge - INFO - worker kw22 pull /app/data/kaviademo4200/2918/b124776/prescripto_full-stack_doctor_appointment_app-2918/admin/src/App.jsx from ingest queue
2025-09-27 09:45:45,686 - Knowledge - INFO - worker kw23 pull /app/data/kaviademo4200/2918/b124776/prescripto_full-stack_doctor_appointment_app-2918/admin/postcss.config.js from ingest queue
2025-09-27 09:45:45,696 - Knowledge - INFO - worker kw12 pull /app/data/kaviademo4200/2918/b124776/prescripto_full-stack_doctor_appointment_app-2918/admin/src/context/DoctorContext.jsx from ingest queue
2025-09-27 09:45:45,760 - Knowledge - INFO - start ingest for /app/data/kaviademo4200/2918/b124776/prescripto_full-stack_doctor_appointment_app-2918/admin/src/components/Navbar.jsx
2025-09-27 09:45:45,802 - Knowledge - INFO - done ingest for /app/data/kaviademo4200/2918/b124776/prescripto_full-stack_doctor_appointment_app-2918/backend/controllers/doctorController.js
2025-09-27 09:45:45,909 - Knowledge - INFO - process ingested knowledge for /app/data/kaviademo4200/2918/b124776/prescripto_full-stack_doctor_appointment_app-2918/backend/controllers/adminController.js
2025-09-27 09:45:46,150 - Knowledge - INFO - worker kw19 pull /app/data/kaviademo4200/2918/b124776/prescripto_full-stack_doctor_appointment_app-2918/admin/src/index.css from ingest queue
2025-09-27 09:45:46,287 - Knowledge - INFO - Thread kw22 - File App.jsx - Remaining files in queue: 9
2025-09-27 09:45:46,377 - Knowledge - INFO - Thread kw23 - File postcss.config.js - Remaining files in queue: 9
2025-09-27 09:45:46,471 - Knowledge - INFO - Thread kw12 - File DoctorContext.jsx - Remaining files in queue: 9
2025-09-27 09:45:46,757 - Knowledge - INFO - process ingested knowledge for /app/data/kaviademo4200/2918/b124776/prescripto_full-stack_doctor_appointment_app-2918/backend/controllers/doctorController.js
2025-09-27 09:45:46,920 - Knowledge - INFO - Thread kw19 - File index.css - Remaining files in queue: 9
2025-09-27 09:45:47,006 - Knowledge - INFO - done ingest for /app/data/kaviademo4200/2918/b124776/prescripto_full-stack_doctor_appointment_app-2918/admin/src/pages/Admin/DoctorsList.jsx
2025-09-27 09:45:47,047 - Knowledge - INFO - start ingest for /app/data/kaviademo4200/2918/b124776/prescripto_full-stack_doctor_appointment_app-2918/admin/src/App.jsx
2025-09-27 09:45:47,167 - Knowledge - INFO - start ingest for /app/data/kaviademo4200/2918/b124776/prescripto_full-stack_doctor_appointment_app-2918/admin/postcss.config.js
2025-09-27 09:45:47,260 - Knowledge - INFO - start ingest for /app/data/kaviademo4200/2918/b124776/prescripto_full-stack_doctor_appointment_app-2918/admin/src/context/DoctorContext.jsx
2025-09-27 09:45:47,366 - Knowledge - INFO - persist search terms embedding for backend/middleware/authUser.js
2025-09-27 09:45:47,471 - Knowledge - INFO - start ingest for /app/data/kaviademo4200/2918/b124776/prescripto_full-stack_doctor_appointment_app-2918/admin/src/index.css
2025-09-27 09:45:47,825 - Knowledge - INFO - process ingested knowledge for /app/data/kaviademo4200/2918/b124776/prescripto_full-stack_doctor_appointment_app-2918/admin/src/pages/Admin/DoctorsList.jsx
2025-09-27 09:45:47,963 - Knowledge - INFO - Fast-track processing for simple file: /app/data/kaviademo4200/2918/b124776/prescripto_full-stack_doctor_appointment_app-2918/admin/postcss.config.js
2025-09-27 09:45:47,997 - Knowledge - INFO - done ingest for /app/data/kaviademo4200/2918/b124776/prescripto_full-stack_doctor_appointment_app-2918/backend/middleware/authDoctor.js
2025-09-27 09:45:48,066 - Knowledge - INFO - done ingest for /app/data/kaviademo4200/2918/b124776/prescripto_full-stack_doctor_appointment_app-2918/admin/src/pages/Admin/Dashboard.jsx
2025-09-27 09:45:48,246 - Knowledge - INFO - done ingest for /app/data/kaviademo4200/2918/b124776/prescripto_full-stack_doctor_appointment_app-2918/admin/src/pages/Login.jsx
2025-09-27 09:45:48,299 - Knowledge - INFO - Fast-track processing for simple file: /app/data/kaviademo4200/2918/b124776/prescripto_full-stack_doctor_appointment_app-2918/admin/src/index.css
2025-09-27 09:45:48,488 - Knowledge - INFO - done fast ingest for /app/data/kaviademo4200/2918/b124776/prescripto_full-stack_doctor_appointment_app-2918/admin/postcss.config.js
2025-09-27 09:45:48,563 - Knowledge - INFO - persist search terms embedding for backend/routes/adminRoute.js
2025-09-27 09:45:48,609 - Knowledge - INFO - process ingested knowledge for /app/data/kaviademo4200/2918/b124776/prescripto_full-stack_doctor_appointment_app-2918/backend/middleware/authDoctor.js
2025-09-27 09:45:48,740 - Knowledge - INFO - process ingested knowledge for /app/data/kaviademo4200/2918/b124776/prescripto_full-stack_doctor_appointment_app-2918/admin/src/pages/Admin/Dashboard.jsx
2025-09-27 09:45:48,850 - Knowledge - INFO - process ingested knowledge for /app/data/kaviademo4200/2918/b124776/prescripto_full-stack_doctor_appointment_app-2918/admin/src/pages/Login.jsx
2025-09-27 09:45:48,934 - Knowledge - INFO - done fast ingest for /app/data/kaviademo4200/2918/b124776/prescripto_full-stack_doctor_appointment_app-2918/admin/src/index.css
2025-09-27 09:45:49,033 - Knowledge - INFO - process ingested knowledge for /app/data/kaviademo4200/2918/b124776/prescripto_full-stack_doctor_appointment_app-2918/admin/postcss.config.js
2025-09-27 09:45:49,117 - Knowledge - INFO - worker kw26 pull /app/data/kaviademo4200/2918/b124776/prescripto_full-stack_doctor_appointment_app-2918/admin/vercel.json from ingest queue
2025-09-27 09:45:49,203 - Knowledge - INFO - worker kw8 pull /app/data/kaviademo4200/2918/b124776/prescripto_full-stack_doctor_appointment_app-2918/admin/tailwind.config.js from ingest queue
2025-09-27 09:45:49,204 - Knowledge - INFO - Found code-base-name: https://github.com/kavia-common/prescripto_full-stack_doctor_appointment_app-2918.git:kavia-main
2025-09-27 09:45:49,204 - Knowledge - INFO - worker kw2 pull /app/data/kaviademo4200/2918/b124776/prescripto_full-stack_doctor_appointment_app-2918/admin/index.html from ingest queue
2025-09-27 09:45:49,204 - Knowledge - INFO - worker kw1 pull /app/data/kaviademo4200/2918/b124776/prescripto_full-stack_doctor_appointment_app-2918/admin/src/pages/Admin/AddDoctor.jsx from ingest queue
2025-09-27 09:45:49,204 - Knowledge - INFO - Found code-base-name: https://github.com/kavia-common/prescripto_full-stack_doctor_appointment_app-2918.git:kavia-main
2025-09-27 09:45:49,205 - Knowledge - INFO - Found code-base-name: https://github.com/kavia-common/prescripto_full-stack_doctor_appointment_app-2918.git:kavia-main
2025-09-27 09:45:49,205 - Knowledge - INFO - worker kw14 pull /app/data/kaviademo4200/2918/b124776/prescripto_full-stack_doctor_appointment_app-2918/admin/vite.config.js from ingest queue
2025-09-27 09:45:49,205 - Knowledge - INFO - worker kw10 pull /app/data/kaviademo4200/2918/b124776/prescripto_full-stack_doctor_appointment_app-2918/admin/package.json from ingest queue
2025-09-27 09:45:49,205 - Knowledge - INFO - Found code-base-name: https://github.com/kavia-common/prescripto_full-stack_doctor_appointment_app-2918.git:kavia-main
2025-09-27 09:45:49,205 - Knowledge - INFO - worker kw7 pull /app/data/kaviademo4200/2918/b124776/prescripto_full-stack_doctor_appointment_app-2918/admin/README.md from ingest queue
2025-09-27 09:45:49,205 - Knowledge - INFO - Found code-base-name: https://github.com/kavia-common/prescripto_full-stack_doctor_appointment_app-2918.git:kavia-main
2025-09-27 09:45:49,205 - Knowledge - INFO - worker kw20 pull /app/data/kaviademo4200/2918/b124776/prescripto_full-stack_doctor_appointment_app-2918/admin/src/assets/assets.js from ingest queue
2025-09-27 09:45:49,205 - Knowledge - INFO - worker kw15 pull /app/data/kaviademo4200/2918/b124776/prescripto_full-stack_doctor_appointment_app-2918/README.md from ingest queue
2025-09-27 09:45:49,290 - Knowledge - INFO - Found code-base-name: https://github.com/kavia-common/prescripto_full-stack_doctor_appointment_app-2918.git:kavia-main
2025-09-27 09:45:49,420 - Knowledge - INFO - Found code-base-name: https://github.com/kavia-common/prescripto_full-stack_doctor_appointment_app-2918.git:kavia-main
2025-09-27 09:45:49,498 - Knowledge - INFO - process ingested knowledge for /app/data/kaviademo4200/2918/b124776/prescripto_full-stack_doctor_appointment_app-2918/admin/src/index.css
2025-09-27 09:45:49,616 - Knowledge - INFO - Found code-base-name: https://github.com/kavia-common/prescripto_full-stack_doctor_appointment_app-2918.git:kavia-main
2025-09-27 09:45:49,701 - Knowledge - INFO - Thread kw26 - File vercel.json - Remaining files in queue: 0
2025-09-27 09:45:49,813 - Knowledge - INFO - Thread kw8 - File tailwind.config.js - Remaining files in queue: 0
2025-09-27 09:45:49,902 - Knowledge - INFO - Found code_base: <app.utils.kg_build.knowledge.KnowledgeCodeBase object at 0x7f1064666890>
2025-09-27 09:45:49,999 - Knowledge - INFO - Thread kw2 - File index.html - Remaining files in queue: 0
2025-09-27 09:45:50,106 - Knowledge - INFO - Thread kw1 - File AddDoctor.jsx - Remaining files in queue: 0
2025-09-27 09:45:50,263 - Knowledge - INFO - Found code_base: <app.utils.kg_build.knowledge.KnowledgeCodeBase object at 0x7f1064666890>
2025-09-27 09:45:50,347 - Knowledge - INFO - Found code_base: <app.utils.kg_build.knowledge.KnowledgeCodeBase object at 0x7f1064666890>
2025-09-27 09:45:50,469 - Knowledge - INFO - Thread kw14 - File vite.config.js - Remaining files in queue: 0
2025-09-27 09:45:52,398 - Knowledge - INFO - start ingest for /app/data/kaviademo4200/2918/b124776/prescripto_full-stack_doctor_appointment_app-2918/admin/vite.config.js
2025-09-27 09:45:50,645 - Knowledge - INFO - Found code_base: <app.utils.kg_build.knowledge.KnowledgeCodeBase object at 0x7f1064666890>
2025-09-27 09:45:50,727 - Knowledge - INFO - Thread kw7 - File README.md - Remaining files in queue: 0
2025-09-27 09:45:52,669 - Knowledge - INFO - start ingest for /app/data/kaviademo4200/2918/b124776/prescripto_full-stack_doctor_appointment_app-2918/admin/README.md
2025-09-27 09:45:50,929 - Knowledge - INFO - done ingest for /app/data/kaviademo4200/2918/b124776/prescripto_full-stack_doctor_appointment_app-2918/admin/src/components/Sidebar.jsx
2025-09-27 09:45:50,949 - Knowledge - INFO - Thread kw20 - File assets.js - Remaining files in queue: 0
2025-09-27 09:45:51,061 - Knowledge - INFO - Thread kw15 - File README.md - Remaining files in queue: 0
2025-09-27 09:45:51,148 - Knowledge - INFO - Found code_base: <app.utils.kg_build.knowledge.KnowledgeCodeBase object at 0x7f1064666890>
2025-09-27 09:45:51,252 - Knowledge - INFO - Found code_base: <app.utils.kg_build.knowledge.KnowledgeCodeBase object at 0x7f1064666890>
2025-09-27 09:45:51,343 - Knowledge - INFO - Found code-base-name: https://github.com/kavia-common/prescripto_full-stack_doctor_appointment_app-2918.git:kavia-main
2025-09-27 09:45:51,443 - Knowledge - INFO - Found code_base: <app.utils.kg_build.knowledge.KnowledgeCodeBase object at 0x7f1064666890>
2025-09-27 09:45:51,550 - Knowledge - INFO - start ingest for /app/data/kaviademo4200/2918/b124776/prescripto_full-stack_doctor_appointment_app-2918/admin/vercel.json
2025-09-27 09:45:51,645 - Knowledge - INFO - start ingest for /app/data/kaviademo4200/2918/b124776/prescripto_full-stack_doctor_appointment_app-2918/admin/tailwind.config.js
2025-09-27 09:45:51,737 - Knowledge - INFO - persist ingested knowledge for /app/data/kaviademo4200/2918/b124776/prescripto_full-stack_doctor_appointment_app-2918/admin/src/pages/Admin/AllAppointments.jsx
2025-09-27 09:45:51,874 - Knowledge - INFO - start ingest for /app/data/kaviademo4200/2918/b124776/prescripto_full-stack_doctor_appointment_app-2918/admin/index.html
2025-09-27 09:45:52,028 - Knowledge - INFO - start ingest for /app/data/kaviademo4200/2918/b124776/prescripto_full-stack_doctor_appointment_app-2918/admin/src/pages/Admin/AddDoctor.jsx
2025-09-27 09:45:52,140 - Knowledge - INFO - persist ingested knowledge for /app/data/kaviademo4200/2918/b124776/prescripto_full-stack_doctor_appointment_app-2918/backend/controllers/doctorController.js
2025-09-27 09:45:52,262 - Knowledge - INFO - persist ingested knowledge for /app/data/kaviademo4200/2918/b124776/prescripto_full-stack_doctor_appointment_app-2918/admin/src/pages/Admin/DoctorsList.jsx
2025-09-27 09:45:50,554 - Knowledge - INFO - Thread kw10 - File package.json - Remaining files in queue: 0
2025-09-27 09:45:52,492 - Knowledge - INFO - Fast-track processing for simple file: /app/data/kaviademo4200/2918/b124776/prescripto_full-stack_doctor_appointment_app-2918/admin/vite.config.js
2025-09-27 09:45:52,570 - Knowledge - INFO - persist ingested knowledge for /app/data/kaviademo4200/2918/b124776/prescripto_full-stack_doctor_appointment_app-2918/backend/middleware/authDoctor.js
2025-09-27 09:45:50,850 - Knowledge - INFO - Found code_base: <app.utils.kg_build.knowledge.KnowledgeCodeBase object at 0x7f1064666890>
2025-09-27 09:45:52,814 - Knowledge - INFO - Fast-track processing for simple file: /app/data/kaviademo4200/2918/b124776/prescripto_full-stack_doctor_appointment_app-2918/admin/README.md
2025-09-27 09:45:53,034 - Knowledge - INFO - start ingest for /app/data/kaviademo4200/2918/b124776/prescripto_full-stack_doctor_appointment_app-2918/admin/src/assets/assets.js
2025-09-27 09:45:53,073 - Knowledge - INFO - process ingested knowledge for /app/data/kaviademo4200/2918/b124776/prescripto_full-stack_doctor_appointment_app-2918/admin/src/components/Sidebar.jsx
2025-09-27 09:45:53,142 - Knowledge - INFO - start ingest for /app/data/kaviademo4200/2918/b124776/prescripto_full-stack_doctor_appointment_app-2918/README.md
2025-09-27 09:45:53,266 - Knowledge - INFO - persist ingested knowledge for /app/data/kaviademo4200/2918/b124776/prescripto_full-stack_doctor_appointment_app-2918/admin/src/pages/Admin/Dashboard.jsx
2025-09-27 09:45:53,356 - Knowledge - INFO - persist ingested knowledge for /app/data/kaviademo4200/2918/b124776/prescripto_full-stack_doctor_appointment_app-2918/admin/src/pages/Login.jsx
2025-09-27 09:45:53,518 - Knowledge - INFO - Found code_base: <app.utils.kg_build.knowledge.KnowledgeCodeBase object at 0x7f1064666890>
2025-09-27 09:45:53,649 - Knowledge - INFO - persist ingested knowledge for /app/data/kaviademo4200/2918/b124776/prescripto_full-stack_doctor_appointment_app-2918/admin/postcss.config.js
2025-09-27 09:45:53,773 - Knowledge - INFO - Fast-track processing for simple file: /app/data/kaviademo4200/2918/b124776/prescripto_full-stack_doctor_appointment_app-2918/admin/vercel.json
2025-09-27 09:45:53,918 - Knowledge - INFO - Fast-track processing for simple file: /app/data/kaviademo4200/2918/b124776/prescripto_full-stack_doctor_appointment_app-2918/admin/tailwind.config.js
2025-09-27 09:45:56,549 - Knowledge - INFO - done fast ingest for /app/data/kaviademo4200/2918/b124776/prescripto_full-stack_doctor_appointment_app-2918/admin/tailwind.config.js
2025-09-27 09:45:54,777 - Knowledge - INFO - start ingest for /app/data/kaviademo4200/2918/b124776/prescripto_full-stack_doctor_appointment_app-2918/admin/package.json
2025-09-27 09:45:54,914 - Knowledge - INFO - done fast ingest for /app/data/kaviademo4200/2918/b124776/prescripto_full-stack_doctor_appointment_app-2918/admin/vite.config.js
2025-09-27 09:45:55,175 - Knowledge - INFO - persist ingested knowledge for /app/data/kaviademo4200/2918/b124776/prescripto_full-stack_doctor_appointment_app-2918/backend/controllers/adminController.js
2025-09-27 09:45:55,261 - Knowledge - INFO - done ingest for /app/data/kaviademo4200/2918/b124776/prescripto_full-stack_doctor_appointment_app-2918/admin/src/pages/Doctor/DoctorDashboard.jsx
2025-09-27 09:45:55,368 - Knowledge - INFO - done fast ingest for /app/data/kaviademo4200/2918/b124776/prescripto_full-stack_doctor_appointment_app-2918/admin/README.md
2025-09-27 09:45:55,398 - Knowledge - INFO - done ingest for /app/data/kaviademo4200/2918/b124776/prescripto_full-stack_doctor_appointment_app-2918/backend/middleware/authAdmin.js
2025-09-27 09:45:55,457 - Knowledge - INFO - persist search terms embedding for admin/src/pages/Admin/AllAppointments.jsx
2025-09-27 09:45:55,688 - Knowledge - INFO - Fast-track processing for simple file: /app/data/kaviademo4200/2918/b124776/prescripto_full-stack_doctor_appointment_app-2918/README.md
2025-09-27 09:45:56,097 - Knowledge - INFO - persist ingested knowledge for /app/data/kaviademo4200/2918/b124776/prescripto_full-stack_doctor_appointment_app-2918/admin/src/index.css
2025-09-27 09:45:56,378 - Knowledge - INFO - done fast ingest for /app/data/kaviademo4200/2918/b124776/prescripto_full-stack_doctor_appointment_app-2918/admin/vercel.json
2025-09-27 09:45:54,362 - Knowledge - INFO - Fast-track processing for simple file: /app/data/kaviademo4200/2918/b124776/prescripto_full-stack_doctor_appointment_app-2918/admin/index.html
2025-09-27 09:45:56,907 - Knowledge - INFO - process ingested knowledge for /app/data/kaviademo4200/2918/b124776/prescripto_full-stack_doctor_appointment_app-2918/admin/tailwind.config.js
2025-09-27 09:45:56,917 - Knowledge - INFO - Fast-track processing for simple file: /app/data/kaviademo4200/2918/b124776/prescripto_full-stack_doctor_appointment_app-2918/admin/package.json
2025-09-27 09:45:57,046 - Knowledge - INFO - process ingested knowledge for /app/data/kaviademo4200/2918/b124776/prescripto_full-stack_doctor_appointment_app-2918/admin/vite.config.js
2025-09-27 09:45:57,270 - Knowledge - INFO - process ingested knowledge for /app/data/kaviademo4200/2918/b124776/prescripto_full-stack_doctor_appointment_app-2918/admin/README.md
2025-09-27 09:45:57,349 - Knowledge - INFO - process ingested knowledge for /app/data/kaviademo4200/2918/b124776/prescripto_full-stack_doctor_appointment_app-2918/admin/src/pages/Doctor/DoctorDashboard.jsx
2025-09-27 09:45:57,661 - Knowledge - INFO - process ingested knowledge for /app/data/kaviademo4200/2918/b124776/prescripto_full-stack_doctor_appointment_app-2918/backend/middleware/authAdmin.js
2025-09-27 09:45:57,698 - Knowledge - INFO - done ingest for /app/data/kaviademo4200/2918/b124776/prescripto_full-stack_doctor_appointment_app-2918/admin/src/context/AdminContext.jsx
2025-09-27 09:45:57,787 - Knowledge - INFO - done fast ingest for /app/data/kaviademo4200/2918/b124776/prescripto_full-stack_doctor_appointment_app-2918/README.md
2025-09-27 09:45:57,867 - Knowledge - INFO - done ingest for /app/data/kaviademo4200/2918/b124776/prescripto_full-stack_doctor_appointment_app-2918/backend/controllers/userController.js
2025-09-27 09:45:57,982 - Knowledge - INFO - done ingest for /app/data/kaviademo4200/2918/b124776/prescripto_full-stack_doctor_appointment_app-2918/admin/src/main.jsx
2025-09-27 09:45:58,035 - Knowledge - INFO - process ingested knowledge for /app/data/kaviademo4200/2918/b124776/prescripto_full-stack_doctor_appointment_app-2918/admin/vercel.json
2025-09-27 09:45:58,115 - Knowledge - INFO - done fast ingest for /app/data/kaviademo4200/2918/b124776/prescripto_full-stack_doctor_appointment_app-2918/admin/index.html
2025-09-27 09:45:58,255 - Knowledge - INFO - persist search terms embedding for backend/controllers/doctorController.js
2025-09-27 09:45:58,288 - Knowledge - INFO - done fast ingest for /app/data/kaviademo4200/2918/b124776/prescripto_full-stack_doctor_appointment_app-2918/admin/package.json
2025-09-27 09:45:58,905 - Knowledge - INFO - process ingested knowledge for /app/data/kaviademo4200/2918/b124776/prescripto_full-stack_doctor_appointment_app-2918/admin/src/context/AdminContext.jsx
2025-09-27 09:45:58,941 - Knowledge - INFO - process ingested knowledge for /app/data/kaviademo4200/2918/b124776/prescripto_full-stack_doctor_appointment_app-2918/README.md
2025-09-27 09:45:59,161 - Knowledge - INFO - process ingested knowledge for /app/data/kaviademo4200/2918/b124776/prescripto_full-stack_doctor_appointment_app-2918/backend/controllers/userController.js
2025-09-27 09:45:59,378 - Knowledge - INFO - process ingested knowledge for /app/data/kaviademo4200/2918/b124776/prescripto_full-stack_doctor_appointment_app-2918/admin/src/main.jsx
2025-09-27 09:45:59,451 - Knowledge - INFO - process ingested knowledge for /app/data/kaviademo4200/2918/b124776/prescripto_full-stack_doctor_appointment_app-2918/admin/index.html
2025-09-27 09:45:59,652 - Knowledge - INFO - process ingested knowledge for /app/data/kaviademo4200/2918/b124776/prescripto_full-stack_doctor_appointment_app-2918/admin/package.json
2025-09-27 09:46:01,124 - Knowledge - INFO - persist search terms embedding for admin/src/pages/Admin/DoctorsList.jsx
2025-09-27 09:46:01,809 - Knowledge - INFO - persist search terms embedding for backend/middleware/authDoctor.js
2025-09-27 09:46:01,909 - Knowledge - INFO - Found code-base-name: https://github.com/kavia-common/prescripto_full-stack_doctor_appointment_app-2918.git:kavia-main
2025-09-27 09:46:02,003 - Knowledge - INFO - Found code_base: <app.utils.kg_build.knowledge.KnowledgeCodeBase object at 0x7f1064666890>
2025-09-27 09:46:02,083 - Knowledge - INFO - persist ingested knowledge for /app/data/kaviademo4200/2918/b124776/prescripto_full-stack_doctor_appointment_app-2918/admin/src/components/Sidebar.jsx
2025-09-27 09:46:02,553 - Knowledge - INFO - persist search terms embedding for admin/src/pages/Admin/Dashboard.jsx
2025-09-27 09:46:02,983 - Knowledge - INFO - done ingest for /app/data/kaviademo4200/2918/b124776/prescripto_full-stack_doctor_appointment_app-2918/admin/src/pages/Doctor/DoctorProfile.jsx
2025-09-27 09:46:03,092 - Knowledge - INFO - persist search terms embedding for admin/src/pages/Login.jsx
2025-09-27 09:46:03,130 - Knowledge - INFO - process ingested knowledge for /app/data/kaviademo4200/2918/b124776/prescripto_full-stack_doctor_appointment_app-2918/admin/src/pages/Doctor/DoctorProfile.jsx
2025-09-27 09:46:04,142 - Knowledge - INFO - persist search terms embedding for backend/controllers/adminController.js
2025-09-27 09:46:04,259 - Knowledge - INFO - Found code-base-name: https://github.com/kavia-common/prescripto_full-stack_doctor_appointment_app-2918.git:kavia-main
2025-09-27 09:46:04,260 - Knowledge - INFO - Found code-base-name: https://github.com/kavia-common/prescripto_full-stack_doctor_appointment_app-2918.git:kavia-main
2025-09-27 09:46:04,260 - Knowledge - INFO - Found code-base-name: https://github.com/kavia-common/prescripto_full-stack_doctor_appointment_app-2918.git:kavia-main
2025-09-27 09:46:04,351 - Knowledge - INFO - Found code_base: <app.utils.kg_build.knowledge.KnowledgeCodeBase object at 0x7f1064666890>
2025-09-27 09:46:04,447 - Knowledge - INFO - Found code-base-name: https://github.com/kavia-common/prescripto_full-stack_doctor_appointment_app-2918.git:kavia-main
2025-09-27 09:46:04,448 - Knowledge - INFO - Found code-base-name: https://github.com/kavia-common/prescripto_full-stack_doctor_appointment_app-2918.git:kavia-main
2025-09-27 09:46:04,450 - Knowledge - INFO - Found code-base-name: https://github.com/kavia-common/prescripto_full-stack_doctor_appointment_app-2918.git:kavia-main
2025-09-27 09:46:04,450 - Knowledge - INFO - Found code-base-name: https://github.com/kavia-common/prescripto_full-stack_doctor_appointment_app-2918.git:kavia-main
2025-09-27 09:46:04,452 - Knowledge - INFO - Found code-base-name: https://github.com/kavia-common/prescripto_full-stack_doctor_appointment_app-2918.git:kavia-main
2025-09-27 09:46:04,453 - Knowledge - INFO - Found code_base: <app.utils.kg_build.knowledge.KnowledgeCodeBase object at 0x7f1064666890>
2025-09-27 09:46:04,453 - Knowledge - INFO - Found code-base-name: https://github.com/kavia-common/prescripto_full-stack_doctor_appointment_app-2918.git:kavia-main
2025-09-27 09:46:04,557 - Knowledge - INFO - Found code_base: <app.utils.kg_build.knowledge.KnowledgeCodeBase object at 0x7f1064666890>
2025-09-27 09:46:04,709 - Knowledge - INFO - persist ingested knowledge for /app/data/kaviademo4200/2918/b124776/prescripto_full-stack_doctor_appointment_app-2918/admin/README.md
2025-09-27 09:46:04,834 - Knowledge - INFO - Found code_base: <app.utils.kg_build.knowledge.KnowledgeCodeBase object at 0x7f1064666890>
2025-09-27 09:46:04,929 - Knowledge - INFO - Found code_base: <app.utils.kg_build.knowledge.KnowledgeCodeBase object at 0x7f1064666890>
2025-09-27 09:46:04,971 - Knowledge - INFO - persist search terms embedding for admin/src/components/Sidebar.jsx
2025-09-27 09:46:05,029 - Knowledge - INFO - Found code_base: <app.utils.kg_build.knowledge.KnowledgeCodeBase object at 0x7f1064666890>
2025-09-27 09:46:05,141 - Knowledge - INFO - Found code_base: <app.utils.kg_build.knowledge.KnowledgeCodeBase object at 0x7f1064666890>
2025-09-27 09:46:05,230 - Knowledge - INFO - Found code_base: <app.utils.kg_build.knowledge.KnowledgeCodeBase object at 0x7f1064666890>
2025-09-27 09:46:05,365 - Knowledge - INFO - persist ingested knowledge for /app/data/kaviademo4200/2918/b124776/prescripto_full-stack_doctor_appointment_app-2918/backend/middleware/authAdmin.js
2025-09-27 09:46:05,401 - Knowledge - INFO - done ingest for /app/data/kaviademo4200/2918/b124776/prescripto_full-stack_doctor_appointment_app-2918/admin/src/pages/Doctor/DoctorAppointments.jsx
2025-09-27 09:46:05,499 - Knowledge - INFO - Found code_base: <app.utils.kg_build.knowledge.KnowledgeCodeBase object at 0x7f1064666890>
2025-09-27 09:46:05,588 - Knowledge - INFO - done ingest for /app/data/kaviademo4200/2918/b124776/prescripto_full-stack_doctor_appointment_app-2918/admin/src/App.jsx
2025-09-27 09:46:05,618 - Knowledge - INFO - persist ingested knowledge for /app/data/kaviademo4200/2918/b124776/prescripto_full-stack_doctor_appointment_app-2918/admin/vercel.json
2025-09-27 09:46:05,836 - Knowledge - INFO - persist ingested knowledge for /app/data/kaviademo4200/2918/b124776/prescripto_full-stack_doctor_appointment_app-2918/admin/src/context/AdminContext.jsx
2025-09-27 09:46:05,945 - Knowledge - INFO - persist ingested knowledge for /app/data/kaviademo4200/2918/b124776/prescripto_full-stack_doctor_appointment_app-2918/README.md
2025-09-27 09:46:06,088 - Knowledge - INFO - Found code-base-name: https://github.com/kavia-common/prescripto_full-stack_doctor_appointment_app-2918.git:kavia-main
2025-09-27 09:46:06,107 - Knowledge - INFO - Found code-base-name: https://github.com/kavia-common/prescripto_full-stack_doctor_appointment_app-2918.git:kavia-main
2025-09-27 09:46:06,109 - Knowledge - INFO - done ingest for /app/data/kaviademo4200/2918/b124776/prescripto_full-stack_doctor_appointment_app-2918/admin/src/context/DoctorContext.jsx
2025-09-27 09:46:06,132 - Knowledge - INFO - Found code-base-name: https://github.com/kavia-common/prescripto_full-stack_doctor_appointment_app-2918.git:kavia-main
2025-09-27 09:46:06,149 - Knowledge - INFO - Found code-base-name: https://github.com/kavia-common/prescripto_full-stack_doctor_appointment_app-2918.git:kavia-main
2025-09-27 09:46:06,153 - Knowledge - INFO - persist ingested knowledge for /app/data/kaviademo4200/2918/b124776/prescripto_full-stack_doctor_appointment_app-2918/backend/controllers/userController.js
2025-09-27 09:46:06,281 - Knowledge - INFO - persist ingested knowledge for /app/data/kaviademo4200/2918/b124776/prescripto_full-stack_doctor_appointment_app-2918/admin/src/main.jsx
2025-09-27 09:46:06,318 - Knowledge - INFO - done ingest for /app/data/kaviademo4200/2918/b124776/prescripto_full-stack_doctor_appointment_app-2918/admin/src/components/Navbar.jsx
2025-09-27 09:46:06,397 - Knowledge - INFO - persist ingested knowledge for /app/data/kaviademo4200/2918/b124776/prescripto_full-stack_doctor_appointment_app-2918/admin/index.html
2025-09-27 09:46:06,596 - Knowledge - INFO - done ingest for /app/data/kaviademo4200/2918/b124776/prescripto_full-stack_doctor_appointment_app-2918/admin/src/context/AppContext.jsx
2025-09-27 09:46:06,802 - Knowledge - INFO - process ingested knowledge for /app/data/kaviademo4200/2918/b124776/prescripto_full-stack_doctor_appointment_app-2918/admin/src/pages/Doctor/DoctorAppointments.jsx
2025-09-27 09:46:06,844 - Knowledge - INFO - done ingest for /app/data/kaviademo4200/2918/b124776/prescripto_full-stack_doctor_appointment_app-2918/admin/src/pages/Admin/AddDoctor.jsx
2025-09-27 09:46:06,850 - Knowledge - INFO - persist ingested knowledge for /app/data/kaviademo4200/2918/b124776/prescripto_full-stack_doctor_appointment_app-2918/admin/package.json
2025-09-27 09:46:07,048 - Knowledge - INFO - process ingested knowledge for /app/data/kaviademo4200/2918/b124776/prescripto_full-stack_doctor_appointment_app-2918/admin/src/App.jsx
2025-09-27 09:46:07,266 - Knowledge - INFO - done ingest for /app/data/kaviademo4200/2918/b124776/prescripto_full-stack_doctor_appointment_app-2918/admin/src/assets/assets.js
2025-09-27 09:46:07,346 - Knowledge - INFO - persist search terms embedding for backend/middleware/authAdmin.js
2025-09-27 09:46:07,368 - Knowledge - INFO - Found code_base: <app.utils.kg_build.knowledge.KnowledgeCodeBase object at 0x7f1064666890>
2025-09-27 09:46:07,467 - Knowledge - INFO - Found code_base: <app.utils.kg_build.knowledge.KnowledgeCodeBase object at 0x7f1064666890>
2025-09-27 09:46:07,557 - Knowledge - INFO - process ingested knowledge for /app/data/kaviademo4200/2918/b124776/prescripto_full-stack_doctor_appointment_app-2918/admin/src/context/DoctorContext.jsx
2025-09-27 09:46:07,620 - Knowledge - INFO - Found code_base: <app.utils.kg_build.knowledge.KnowledgeCodeBase object at 0x7f1064666890>
2025-09-27 09:46:07,729 - Knowledge - INFO - Found code_base: <app.utils.kg_build.knowledge.KnowledgeCodeBase object at 0x7f1064666890>
2025-09-27 09:46:08,022 - Knowledge - INFO - process ingested knowledge for /app/data/kaviademo4200/2918/b124776/prescripto_full-stack_doctor_appointment_app-2918/admin/src/components/Navbar.jsx
2025-09-27 09:46:08,224 - Knowledge - INFO - process ingested knowledge for /app/data/kaviademo4200/2918/b124776/prescripto_full-stack_doctor_appointment_app-2918/admin/src/context/AppContext.jsx
2025-09-27 09:46:08,421 - Knowledge - INFO - process ingested knowledge for /app/data/kaviademo4200/2918/b124776/prescripto_full-stack_doctor_appointment_app-2918/admin/src/pages/Admin/AddDoctor.jsx
2025-09-27 09:46:08,688 - Knowledge - INFO - process ingested knowledge for /app/data/kaviademo4200/2918/b124776/prescripto_full-stack_doctor_appointment_app-2918/admin/src/assets/assets.js
2025-09-27 09:46:08,853 - Knowledge - INFO - persist ingested knowledge for /app/data/kaviademo4200/2918/b124776/prescripto_full-stack_doctor_appointment_app-2918/admin/tailwind.config.js
2025-09-27 09:46:08,972 - Knowledge - INFO - persist ingested knowledge for /app/data/kaviademo4200/2918/b124776/prescripto_full-stack_doctor_appointment_app-2918/admin/src/pages/Doctor/DoctorDashboard.jsx
2025-09-27 09:46:09,155 - Knowledge - INFO - persist search terms embedding for backend/controllers/userController.js
2025-09-27 09:46:09,164 - Knowledge - INFO - persist ingested knowledge for /app/data/kaviademo4200/2918/b124776/prescripto_full-stack_doctor_appointment_app-2918/admin/src/pages/Doctor/DoctorProfile.jsx
2025-09-27 09:46:09,256 - Knowledge - INFO - persist ingested knowledge for /app/data/kaviademo4200/2918/b124776/prescripto_full-stack_doctor_appointment_app-2918/admin/vite.config.js
2025-09-27 09:46:10,243 - Knowledge - INFO - persist search terms embedding for admin/src/main.jsx
2025-09-27 09:46:10,362 - Knowledge - INFO - Found code-base-name: https://github.com/kavia-common/prescripto_full-stack_doctor_appointment_app-2918.git:kavia-main
2025-09-27 09:46:10,442 - Knowledge - INFO - Found code-base-name: https://github.com/kavia-common/prescripto_full-stack_doctor_appointment_app-2918.git:kavia-main
2025-09-27 09:46:10,481 - Knowledge - INFO - Found code_base: <app.utils.kg_build.knowledge.KnowledgeCodeBase object at 0x7f1064666890>
2025-09-27 09:46:10,569 - Knowledge - INFO - Found code_base: <app.utils.kg_build.knowledge.KnowledgeCodeBase object at 0x7f1064666890>
2025-09-27 09:46:10,654 - Knowledge - INFO - persist ingested knowledge for /app/data/kaviademo4200/2918/b124776/prescripto_full-stack_doctor_appointment_app-2918/admin/src/pages/Doctor/DoctorAppointments.jsx
2025-09-27 09:46:10,739 - Knowledge - INFO - persist ingested knowledge for /app/data/kaviademo4200/2918/b124776/prescripto_full-stack_doctor_appointment_app-2918/admin/src/App.jsx
2025-09-27 09:46:10,768 - Knowledge - INFO - persist search terms embedding for admin/src/context/AdminContext.jsx
2025-09-27 09:46:11,152 - Knowledge - INFO - Found code-base-name: https://github.com/kavia-common/prescripto_full-stack_doctor_appointment_app-2918.git:kavia-main
2025-09-27 09:46:11,153 - Knowledge - INFO - Found code-base-name: https://github.com/kavia-common/prescripto_full-stack_doctor_appointment_app-2918.git:kavia-main
2025-09-27 09:46:11,154 - Knowledge - INFO - Found code-base-name: https://github.com/kavia-common/prescripto_full-stack_doctor_appointment_app-2918.git:kavia-main
2025-09-27 09:46:11,247 - Knowledge - INFO - Found code_base: <app.utils.kg_build.knowledge.KnowledgeCodeBase object at 0x7f1064666890>
2025-09-27 09:46:11,351 - Knowledge - INFO - Found code_base: <app.utils.kg_build.knowledge.KnowledgeCodeBase object at 0x7f1064666890>
2025-09-27 09:46:11,461 - Knowledge - INFO - Found code_base: <app.utils.kg_build.knowledge.KnowledgeCodeBase object at 0x7f1064666890>
2025-09-27 09:46:11,537 - Knowledge - INFO - persist search terms embedding for admin/src/pages/Doctor/DoctorDashboard.jsx
2025-09-27 09:46:11,562 - Knowledge - INFO - persist ingested knowledge for /app/data/kaviademo4200/2918/b124776/prescripto_full-stack_doctor_appointment_app-2918/admin/src/context/DoctorContext.jsx
2025-09-27 09:46:11,664 - Knowledge - INFO - persist ingested knowledge for /app/data/kaviademo4200/2918/b124776/prescripto_full-stack_doctor_appointment_app-2918/admin/src/pages/Admin/AddDoctor.jsx
2025-09-27 09:46:11,787 - Knowledge - INFO - persist ingested knowledge for /app/data/kaviademo4200/2918/b124776/prescripto_full-stack_doctor_appointment_app-2918/admin/src/assets/assets.js
2025-09-27 09:46:12,222 - Knowledge - INFO - persist search terms embedding for admin/src/pages/Doctor/DoctorProfile.jsx
2025-09-27 09:46:12,692 - Knowledge - INFO - persist search terms embedding for admin/src/App.jsx
2025-09-27 09:46:12,783 - Knowledge - INFO - Found code-base-name: https://github.com/kavia-common/prescripto_full-stack_doctor_appointment_app-2918.git:kavia-main
2025-09-27 09:46:12,870 - Knowledge - INFO - Found code_base: <app.utils.kg_build.knowledge.KnowledgeCodeBase object at 0x7f1064666890>
2025-09-27 09:46:12,982 - Knowledge - INFO - persist ingested knowledge for /app/data/kaviademo4200/2918/b124776/prescripto_full-stack_doctor_appointment_app-2918/admin/src/context/AppContext.jsx
2025-09-27 09:46:13,107 - Knowledge - INFO - persist search terms embedding for admin/src/context/DoctorContext.jsx
2025-09-27 09:46:13,572 - Knowledge - INFO - persist search terms embedding for admin/src/assets/assets.js
2025-09-27 09:46:13,683 - Knowledge - INFO - Found code-base-name: https://github.com/kavia-common/prescripto_full-stack_doctor_appointment_app-2918.git:kavia-main
2025-09-27 09:46:13,801 - Knowledge - INFO - Found code_base: <app.utils.kg_build.knowledge.KnowledgeCodeBase object at 0x7f1064666890>
2025-09-27 09:46:13,881 - Knowledge - INFO - persist ingested knowledge for /app/data/kaviademo4200/2918/b124776/prescripto_full-stack_doctor_appointment_app-2918/admin/src/components/Navbar.jsx
2025-09-27 09:46:14,109 - Knowledge - INFO - persist search terms embedding for admin/src/pages/Admin/AddDoctor.jsx
2025-09-27 09:46:14,533 - Knowledge - INFO - persist search terms embedding for admin/src/context/AppContext.jsx
2025-09-27 09:46:14,941 - Knowledge - INFO - persist search terms embedding for admin/src/components/Navbar.jsx
2025-09-27 09:46:15,347 - Knowledge - INFO - persist search terms embedding for admin/src/pages/Doctor/DoctorAppointments.jsx
2025-09-27 09:46:15,440 - Knowledge - INFO - Knowledge creation complete
2025-09-27 09:46:15,534 - Knowledge - INFO - Updating org costs, total cost: 0.0162542
2025-09-27 09:46:16,245 - Knowledge - INFO - Saving knowledge to Redis...
2025-09-27 09:46:16,361 - Knowledge - INFO - Knowledge saved to Redis successfully
